Sexo;Municipios;Lugar de nacimiento;Total
Ambos sexos;21001-Alájar;Total Población;821
Ambos sexos;21001-Alájar;Nacidos en el Extranjero;64
Ambos sexos;21001-Alájar;Total Europa;53
Ambos sexos;21001-Alájar;Total Unión Europea (25);52
Ambos sexos;21001-Alájar;Alemania;19
Ambos sexos;21001-Alájar;Francia;2
Ambos sexos;21001-Alájar;Italia;4
Ambos sexos;21001-Alájar;Reino Unido;9
Ambos sexos;21001-Alájar;Resto de Europa;1
Ambos sexos;21001-Alájar;Bulgaria;0
Ambos sexos;21001-Alájar;Rumanía;0
Ambos sexos;21001-Alájar;Total Africa;1
Ambos sexos;21001-Alájar;Marruecos;0
Ambos sexos;21001-Alájar;Total América;9
Ambos sexos;21001-Alájar;Argentina;2
Ambos sexos;21001-Alájar;Bolivia;1
Ambos sexos;21001-Alájar;Colombia;0
Ambos sexos;21001-Alájar;Ecuador;0
Ambos sexos;21001-Alájar;Perú;0
Ambos sexos;21001-Alájar;Total Asia;1
Ambos sexos;21001-Alájar;China;0
Ambos sexos;21001-Alájar;Oceanía;0
Ambos sexos;21002-Aljaraque;Total Población;15.617
Ambos sexos;21002-Aljaraque;Nacidos en el Extranjero;745
Ambos sexos;21002-Aljaraque;Total Europa;400
Ambos sexos;21002-Aljaraque;Total Unión Europea (25);333
Ambos sexos;21002-Aljaraque;Alemania;109
Ambos sexos;21002-Aljaraque;Francia;46
Ambos sexos;21002-Aljaraque;Italia;8
Ambos sexos;21002-Aljaraque;Reino Unido;31
Ambos sexos;21002-Aljaraque;Resto de Europa;67
Ambos sexos;21002-Aljaraque;Bulgaria;1
Ambos sexos;21002-Aljaraque;Rumanía;34
Ambos sexos;21002-Aljaraque;Total Africa;143
Ambos sexos;21002-Aljaraque;Marruecos;60
Ambos sexos;21002-Aljaraque;Total América;189
Ambos sexos;21002-Aljaraque;Argentina;53
Ambos sexos;21002-Aljaraque;Bolivia;3
Ambos sexos;21002-Aljaraque;Colombia;40
Ambos sexos;21002-Aljaraque;Ecuador;8
Ambos sexos;21002-Aljaraque;Perú;13
Ambos sexos;21002-Aljaraque;Total Asia;12
Ambos sexos;21002-Aljaraque;China;5
Ambos sexos;21002-Aljaraque;Oceanía;1
Ambos sexos;21003-Almendro (El);Total Población;847
Ambos sexos;21003-Almendro (El);Nacidos en el Extranjero;46
Ambos sexos;21003-Almendro (El);Total Europa;41
Ambos sexos;21003-Almendro (El);Total Unión Europea (25);35
Ambos sexos;21003-Almendro (El);Alemania;11
Ambos sexos;21003-Almendro (El);Francia;0
Ambos sexos;21003-Almendro (El);Italia;0
Ambos sexos;21003-Almendro (El);Reino Unido;0
Ambos sexos;21003-Almendro (El);Resto de Europa;6
Ambos sexos;21003-Almendro (El);Bulgaria;0
Ambos sexos;21003-Almendro (El);Rumanía;4
Ambos sexos;21003-Almendro (El);Total Africa;1
Ambos sexos;21003-Almendro (El);Marruecos;0
Ambos sexos;21003-Almendro (El);Total América;4
Ambos sexos;21003-Almendro (El);Argentina;0
Ambos sexos;21003-Almendro (El);Bolivia;2
Ambos sexos;21003-Almendro (El);Colombia;0
Ambos sexos;21003-Almendro (El);Ecuador;0
Ambos sexos;21003-Almendro (El);Perú;0
Ambos sexos;21003-Almendro (El);Total Asia;0
Ambos sexos;21003-Almendro (El);China;0
Ambos sexos;21003-Almendro (El);Oceanía;0
Ambos sexos;21004-Almonaster la Real;Total Población;1.860
Ambos sexos;21004-Almonaster la Real;Nacidos en el Extranjero;42
Ambos sexos;21004-Almonaster la Real;Total Europa;29
Ambos sexos;21004-Almonaster la Real;Total Unión Europea (25);17
Ambos sexos;21004-Almonaster la Real;Alemania;2
Ambos sexos;21004-Almonaster la Real;Francia;3
Ambos sexos;21004-Almonaster la Real;Italia;0
Ambos sexos;21004-Almonaster la Real;Reino Unido;1
Ambos sexos;21004-Almonaster la Real;Resto de Europa;12
Ambos sexos;21004-Almonaster la Real;Bulgaria;0
Ambos sexos;21004-Almonaster la Real;Rumanía;6
Ambos sexos;21004-Almonaster la Real;Total Africa;5
Ambos sexos;21004-Almonaster la Real;Marruecos;3
Ambos sexos;21004-Almonaster la Real;Total América;6
Ambos sexos;21004-Almonaster la Real;Argentina;1
Ambos sexos;21004-Almonaster la Real;Bolivia;0
Ambos sexos;21004-Almonaster la Real;Colombia;2
Ambos sexos;21004-Almonaster la Real;Ecuador;0
Ambos sexos;21004-Almonaster la Real;Perú;0
Ambos sexos;21004-Almonaster la Real;Total Asia;1
Ambos sexos;21004-Almonaster la Real;China;1
Ambos sexos;21004-Almonaster la Real;Oceanía;1
Ambos sexos;21005-Almonte;Total Población;20.224
Ambos sexos;21005-Almonte;Nacidos en el Extranjero;1.930
Ambos sexos;21005-Almonte;Total Europa;1.336
Ambos sexos;21005-Almonte;Total Unión Europea (25);420
Ambos sexos;21005-Almonte;Alemania;150
Ambos sexos;21005-Almonte;Francia;42
Ambos sexos;21005-Almonte;Italia;9
Ambos sexos;21005-Almonte;Reino Unido;8
Ambos sexos;21005-Almonte;Resto de Europa;916
Ambos sexos;21005-Almonte;Bulgaria;108
Ambos sexos;21005-Almonte;Rumanía;761
Ambos sexos;21005-Almonte;Total Africa;251
Ambos sexos;21005-Almonte;Marruecos;236
Ambos sexos;21005-Almonte;Total América;338
Ambos sexos;21005-Almonte;Argentina;10
Ambos sexos;21005-Almonte;Bolivia;61
Ambos sexos;21005-Almonte;Colombia;36
Ambos sexos;21005-Almonte;Ecuador;165
Ambos sexos;21005-Almonte;Perú;5
Ambos sexos;21005-Almonte;Total Asia;5
Ambos sexos;21005-Almonte;China;2
Ambos sexos;21005-Almonte;Oceanía;0
Ambos sexos;21006-Alosno;Total Población;4.478
Ambos sexos;21006-Alosno;Nacidos en el Extranjero;149
Ambos sexos;21006-Alosno;Total Europa;106
Ambos sexos;21006-Alosno;Total Unión Europea (25);81
Ambos sexos;21006-Alosno;Alemania;36
Ambos sexos;21006-Alosno;Francia;9
Ambos sexos;21006-Alosno;Italia;0
Ambos sexos;21006-Alosno;Reino Unido;1
Ambos sexos;21006-Alosno;Resto de Europa;25
Ambos sexos;21006-Alosno;Bulgaria;4
Ambos sexos;21006-Alosno;Rumanía;14
Ambos sexos;21006-Alosno;Total Africa;37
Ambos sexos;21006-Alosno;Marruecos;37
Ambos sexos;21006-Alosno;Total América;6
Ambos sexos;21006-Alosno;Argentina;0
Ambos sexos;21006-Alosno;Bolivia;0
Ambos sexos;21006-Alosno;Colombia;2
Ambos sexos;21006-Alosno;Ecuador;1
Ambos sexos;21006-Alosno;Perú;0
Ambos sexos;21006-Alosno;Total Asia;0
Ambos sexos;21006-Alosno;China;0
Ambos sexos;21006-Alosno;Oceanía;0
Ambos sexos;21007-Aracena;Total Población;7.228
Ambos sexos;21007-Aracena;Nacidos en el Extranjero;216
Ambos sexos;21007-Aracena;Total Europa;136
Ambos sexos;21007-Aracena;Total Unión Europea (25);118
Ambos sexos;21007-Aracena;Alemania;16
Ambos sexos;21007-Aracena;Francia;10
Ambos sexos;21007-Aracena;Italia;1
Ambos sexos;21007-Aracena;Reino Unido;31
Ambos sexos;21007-Aracena;Resto de Europa;18
Ambos sexos;21007-Aracena;Bulgaria;0
Ambos sexos;21007-Aracena;Rumanía;14
Ambos sexos;21007-Aracena;Total Africa;19
Ambos sexos;21007-Aracena;Marruecos;14
Ambos sexos;21007-Aracena;Total América;59
Ambos sexos;21007-Aracena;Argentina;2
Ambos sexos;21007-Aracena;Bolivia;27
Ambos sexos;21007-Aracena;Colombia;7
Ambos sexos;21007-Aracena;Ecuador;5
Ambos sexos;21007-Aracena;Perú;2
Ambos sexos;21007-Aracena;Total Asia;2
Ambos sexos;21007-Aracena;China;0
Ambos sexos;21007-Aracena;Oceanía;0
Ambos sexos;21008-Aroche;Total Población;3.211
Ambos sexos;21008-Aroche;Nacidos en el Extranjero;13
Ambos sexos;21008-Aroche;Total Europa;12
Ambos sexos;21008-Aroche;Total Unión Europea (25);12
Ambos sexos;21008-Aroche;Alemania;2
Ambos sexos;21008-Aroche;Francia;0
Ambos sexos;21008-Aroche;Italia;0
Ambos sexos;21008-Aroche;Reino Unido;1
Ambos sexos;21008-Aroche;Resto de Europa;0
Ambos sexos;21008-Aroche;Bulgaria;0
Ambos sexos;21008-Aroche;Rumanía;0
Ambos sexos;21008-Aroche;Total Africa;1
Ambos sexos;21008-Aroche;Marruecos;1
Ambos sexos;21008-Aroche;Total América;0
Ambos sexos;21008-Aroche;Argentina;0
Ambos sexos;21008-Aroche;Bolivia;0
Ambos sexos;21008-Aroche;Colombia;0
Ambos sexos;21008-Aroche;Ecuador;0
Ambos sexos;21008-Aroche;Perú;0
Ambos sexos;21008-Aroche;Total Asia;0
Ambos sexos;21008-Aroche;China;0
Ambos sexos;21008-Aroche;Oceanía;0
Ambos sexos;21009-Arroyomolinos de León;Total Población;1.061
Ambos sexos;21009-Arroyomolinos de León;Nacidos en el Extranjero;4
Ambos sexos;21009-Arroyomolinos de León;Total Europa;3
Ambos sexos;21009-Arroyomolinos de León;Total Unión Europea (25);3
Ambos sexos;21009-Arroyomolinos de León;Alemania;3
Ambos sexos;21009-Arroyomolinos de León;Francia;0
Ambos sexos;21009-Arroyomolinos de León;Italia;0
Ambos sexos;21009-Arroyomolinos de León;Reino Unido;0
Ambos sexos;21009-Arroyomolinos de León;Resto de Europa;0
Ambos sexos;21009-Arroyomolinos de León;Bulgaria;0
Ambos sexos;21009-Arroyomolinos de León;Rumanía;0
Ambos sexos;21009-Arroyomolinos de León;Total Africa;1
Ambos sexos;21009-Arroyomolinos de León;Marruecos;1
Ambos sexos;21009-Arroyomolinos de León;Total América;0
Ambos sexos;21009-Arroyomolinos de León;Argentina;0
Ambos sexos;21009-Arroyomolinos de León;Bolivia;0
Ambos sexos;21009-Arroyomolinos de León;Colombia;0
Ambos sexos;21009-Arroyomolinos de León;Ecuador;0
Ambos sexos;21009-Arroyomolinos de León;Perú;0
Ambos sexos;21009-Arroyomolinos de León;Total Asia;0
Ambos sexos;21009-Arroyomolinos de León;China;0
Ambos sexos;21009-Arroyomolinos de León;Oceanía;0
Ambos sexos;21010-Ayamonte;Total Población;18.636
Ambos sexos;21010-Ayamonte;Nacidos en el Extranjero;1.969
Ambos sexos;21010-Ayamonte;Total Europa;1.395
Ambos sexos;21010-Ayamonte;Total Unión Europea (25);1.171
Ambos sexos;21010-Ayamonte;Alemania;157
Ambos sexos;21010-Ayamonte;Francia;34
Ambos sexos;21010-Ayamonte;Italia;26
Ambos sexos;21010-Ayamonte;Reino Unido;165
Ambos sexos;21010-Ayamonte;Resto de Europa;224
Ambos sexos;21010-Ayamonte;Bulgaria;25
Ambos sexos;21010-Ayamonte;Rumanía;96
Ambos sexos;21010-Ayamonte;Total Africa;215
Ambos sexos;21010-Ayamonte;Marruecos;153
Ambos sexos;21010-Ayamonte;Total América;334
Ambos sexos;21010-Ayamonte;Argentina;70
Ambos sexos;21010-Ayamonte;Bolivia;27
Ambos sexos;21010-Ayamonte;Colombia;56
Ambos sexos;21010-Ayamonte;Ecuador;39
Ambos sexos;21010-Ayamonte;Perú;6
Ambos sexos;21010-Ayamonte;Total Asia;23
Ambos sexos;21010-Ayamonte;China;14
Ambos sexos;21010-Ayamonte;Oceanía;2
Ambos sexos;21011-Beas;Total Población;4.210
Ambos sexos;21011-Beas;Nacidos en el Extranjero;119
Ambos sexos;21011-Beas;Total Europa;55
Ambos sexos;21011-Beas;Total Unión Europea (25);25
Ambos sexos;21011-Beas;Alemania;7
Ambos sexos;21011-Beas;Francia;1
Ambos sexos;21011-Beas;Italia;0
Ambos sexos;21011-Beas;Reino Unido;9
Ambos sexos;21011-Beas;Resto de Europa;30
Ambos sexos;21011-Beas;Bulgaria;7
Ambos sexos;21011-Beas;Rumanía;17
Ambos sexos;21011-Beas;Total Africa;30
Ambos sexos;21011-Beas;Marruecos;30
Ambos sexos;21011-Beas;Total América;34
Ambos sexos;21011-Beas;Argentina;0
Ambos sexos;21011-Beas;Bolivia;2
Ambos sexos;21011-Beas;Colombia;3
Ambos sexos;21011-Beas;Ecuador;14
Ambos sexos;21011-Beas;Perú;1
Ambos sexos;21011-Beas;Total Asia;0
Ambos sexos;21011-Beas;China;0
Ambos sexos;21011-Beas;Oceanía;0
Ambos sexos;21012-Berrocal;Total Población;377
Ambos sexos;21012-Berrocal;Nacidos en el Extranjero;1
Ambos sexos;21012-Berrocal;Total Europa;1
Ambos sexos;21012-Berrocal;Total Unión Europea (25);1
Ambos sexos;21012-Berrocal;Alemania;0
Ambos sexos;21012-Berrocal;Francia;1
Ambos sexos;21012-Berrocal;Italia;0
Ambos sexos;21012-Berrocal;Reino Unido;0
Ambos sexos;21012-Berrocal;Resto de Europa;0
Ambos sexos;21012-Berrocal;Bulgaria;0
Ambos sexos;21012-Berrocal;Rumanía;0
Ambos sexos;21012-Berrocal;Total Africa;0
Ambos sexos;21012-Berrocal;Marruecos;0
Ambos sexos;21012-Berrocal;Total América;0
Ambos sexos;21012-Berrocal;Argentina;0
Ambos sexos;21012-Berrocal;Bolivia;0
Ambos sexos;21012-Berrocal;Colombia;0
Ambos sexos;21012-Berrocal;Ecuador;0
Ambos sexos;21012-Berrocal;Perú;0
Ambos sexos;21012-Berrocal;Total Asia;0
Ambos sexos;21012-Berrocal;China;0
Ambos sexos;21012-Berrocal;Oceanía;0
Ambos sexos;21013-Bollullos Par del Condado;Total Población;13.500
Ambos sexos;21013-Bollullos Par del Condado;Nacidos en el Extranjero;554
Ambos sexos;21013-Bollullos Par del Condado;Total Europa;323
Ambos sexos;21013-Bollullos Par del Condado;Total Unión Europea (25);114
Ambos sexos;21013-Bollullos Par del Condado;Alemania;35
Ambos sexos;21013-Bollullos Par del Condado;Francia;12
Ambos sexos;21013-Bollullos Par del Condado;Italia;1
Ambos sexos;21013-Bollullos Par del Condado;Reino Unido;2
Ambos sexos;21013-Bollullos Par del Condado;Resto de Europa;209
Ambos sexos;21013-Bollullos Par del Condado;Bulgaria;38
Ambos sexos;21013-Bollullos Par del Condado;Rumanía;164
Ambos sexos;21013-Bollullos Par del Condado;Total Africa;155
Ambos sexos;21013-Bollullos Par del Condado;Marruecos;151
Ambos sexos;21013-Bollullos Par del Condado;Total América;71
Ambos sexos;21013-Bollullos Par del Condado;Argentina;12
Ambos sexos;21013-Bollullos Par del Condado;Bolivia;2
Ambos sexos;21013-Bollullos Par del Condado;Colombia;23
Ambos sexos;21013-Bollullos Par del Condado;Ecuador;24
Ambos sexos;21013-Bollullos Par del Condado;Perú;0
Ambos sexos;21013-Bollullos Par del Condado;Total Asia;5
Ambos sexos;21013-Bollullos Par del Condado;China;3
Ambos sexos;21013-Bollullos Par del Condado;Oceanía;0
Ambos sexos;21014-Bonares;Total Población;5.493
Ambos sexos;21014-Bonares;Nacidos en el Extranjero;423
Ambos sexos;21014-Bonares;Total Europa;175
Ambos sexos;21014-Bonares;Total Unión Europea (25);77
Ambos sexos;21014-Bonares;Alemania;16
Ambos sexos;21014-Bonares;Francia;2
Ambos sexos;21014-Bonares;Italia;0
Ambos sexos;21014-Bonares;Reino Unido;19
Ambos sexos;21014-Bonares;Resto de Europa;98
Ambos sexos;21014-Bonares;Bulgaria;2
Ambos sexos;21014-Bonares;Rumanía;54
Ambos sexos;21014-Bonares;Total Africa;221
Ambos sexos;21014-Bonares;Marruecos;151
Ambos sexos;21014-Bonares;Total América;14
Ambos sexos;21014-Bonares;Argentina;0
Ambos sexos;21014-Bonares;Bolivia;2
Ambos sexos;21014-Bonares;Colombia;4
Ambos sexos;21014-Bonares;Ecuador;2
Ambos sexos;21014-Bonares;Perú;0
Ambos sexos;21014-Bonares;Total Asia;13
Ambos sexos;21014-Bonares;China;1
Ambos sexos;21014-Bonares;Oceanía;0
Ambos sexos;21015-Cabezas Rubias;Total Población;858
Ambos sexos;21015-Cabezas Rubias;Nacidos en el Extranjero;16
Ambos sexos;21015-Cabezas Rubias;Total Europa;11
Ambos sexos;21015-Cabezas Rubias;Total Unión Europea (25);9
Ambos sexos;21015-Cabezas Rubias;Alemania;0
Ambos sexos;21015-Cabezas Rubias;Francia;0
Ambos sexos;21015-Cabezas Rubias;Italia;0
Ambos sexos;21015-Cabezas Rubias;Reino Unido;0
Ambos sexos;21015-Cabezas Rubias;Resto de Europa;2
Ambos sexos;21015-Cabezas Rubias;Bulgaria;0
Ambos sexos;21015-Cabezas Rubias;Rumanía;1
Ambos sexos;21015-Cabezas Rubias;Total Africa;0
Ambos sexos;21015-Cabezas Rubias;Marruecos;0
Ambos sexos;21015-Cabezas Rubias;Total América;5
Ambos sexos;21015-Cabezas Rubias;Argentina;0
Ambos sexos;21015-Cabezas Rubias;Bolivia;0
Ambos sexos;21015-Cabezas Rubias;Colombia;1
Ambos sexos;21015-Cabezas Rubias;Ecuador;0
Ambos sexos;21015-Cabezas Rubias;Perú;0
Ambos sexos;21015-Cabezas Rubias;Total Asia;0
Ambos sexos;21015-Cabezas Rubias;China;0
Ambos sexos;21015-Cabezas Rubias;Oceanía;0
Ambos sexos;21016-Cala;Total Población;1.308
Ambos sexos;21016-Cala;Nacidos en el Extranjero;15
Ambos sexos;21016-Cala;Total Europa;10
Ambos sexos;21016-Cala;Total Unión Europea (25);3
Ambos sexos;21016-Cala;Alemania;0
Ambos sexos;21016-Cala;Francia;2
Ambos sexos;21016-Cala;Italia;0
Ambos sexos;21016-Cala;Reino Unido;0
Ambos sexos;21016-Cala;Resto de Europa;7
Ambos sexos;21016-Cala;Bulgaria;2
Ambos sexos;21016-Cala;Rumanía;4
Ambos sexos;21016-Cala;Total Africa;2
Ambos sexos;21016-Cala;Marruecos;2
Ambos sexos;21016-Cala;Total América;3
Ambos sexos;21016-Cala;Argentina;0
Ambos sexos;21016-Cala;Bolivia;0
Ambos sexos;21016-Cala;Colombia;0
Ambos sexos;21016-Cala;Ecuador;1
Ambos sexos;21016-Cala;Perú;0
Ambos sexos;21016-Cala;Total Asia;0
Ambos sexos;21016-Cala;China;0
Ambos sexos;21016-Cala;Oceanía;0
Ambos sexos;21017-Calañas;Total Población;4.400
Ambos sexos;21017-Calañas;Nacidos en el Extranjero;58
Ambos sexos;21017-Calañas;Total Europa;43
Ambos sexos;21017-Calañas;Total Unión Europea (25);28
Ambos sexos;21017-Calañas;Alemania;9
Ambos sexos;21017-Calañas;Francia;11
Ambos sexos;21017-Calañas;Italia;0
Ambos sexos;21017-Calañas;Reino Unido;1
Ambos sexos;21017-Calañas;Resto de Europa;15
Ambos sexos;21017-Calañas;Bulgaria;1
Ambos sexos;21017-Calañas;Rumanía;11
Ambos sexos;21017-Calañas;Total Africa;6
Ambos sexos;21017-Calañas;Marruecos;3
Ambos sexos;21017-Calañas;Total América;9
Ambos sexos;21017-Calañas;Argentina;2
Ambos sexos;21017-Calañas;Bolivia;4
Ambos sexos;21017-Calañas;Colombia;2
Ambos sexos;21017-Calañas;Ecuador;0
Ambos sexos;21017-Calañas;Perú;0
Ambos sexos;21017-Calañas;Total Asia;0
Ambos sexos;21017-Calañas;China;0
Ambos sexos;21017-Calañas;Oceanía;0
Ambos sexos;21018-Campillo (El);Total Población;2.276
Ambos sexos;21018-Campillo (El);Nacidos en el Extranjero;61
Ambos sexos;21018-Campillo (El);Total Europa;58
Ambos sexos;21018-Campillo (El);Total Unión Europea (25);28
Ambos sexos;21018-Campillo (El);Alemania;8
Ambos sexos;21018-Campillo (El);Francia;9
Ambos sexos;21018-Campillo (El);Italia;0
Ambos sexos;21018-Campillo (El);Reino Unido;1
Ambos sexos;21018-Campillo (El);Resto de Europa;30
Ambos sexos;21018-Campillo (El);Bulgaria;29
Ambos sexos;21018-Campillo (El);Rumanía;0
Ambos sexos;21018-Campillo (El);Total Africa;1
Ambos sexos;21018-Campillo (El);Marruecos;0
Ambos sexos;21018-Campillo (El);Total América;2
Ambos sexos;21018-Campillo (El);Argentina;1
Ambos sexos;21018-Campillo (El);Bolivia;1
Ambos sexos;21018-Campillo (El);Colombia;0
Ambos sexos;21018-Campillo (El);Ecuador;0
Ambos sexos;21018-Campillo (El);Perú;0
Ambos sexos;21018-Campillo (El);Total Asia;0
Ambos sexos;21018-Campillo (El);China;0
Ambos sexos;21018-Campillo (El);Oceanía;0
Ambos sexos;21019-Campofrío;Total Población;772
Ambos sexos;21019-Campofrío;Nacidos en el Extranjero;5
Ambos sexos;21019-Campofrío;Total Europa;5
Ambos sexos;21019-Campofrío;Total Unión Europea (25);5
Ambos sexos;21019-Campofrío;Alemania;1
Ambos sexos;21019-Campofrío;Francia;0
Ambos sexos;21019-Campofrío;Italia;1
Ambos sexos;21019-Campofrío;Reino Unido;0
Ambos sexos;21019-Campofrío;Resto de Europa;0
Ambos sexos;21019-Campofrío;Bulgaria;0
Ambos sexos;21019-Campofrío;Rumanía;0
Ambos sexos;21019-Campofrío;Total Africa;0
Ambos sexos;21019-Campofrío;Marruecos;0
Ambos sexos;21019-Campofrío;Total América;0
Ambos sexos;21019-Campofrío;Argentina;0
Ambos sexos;21019-Campofrío;Bolivia;0
Ambos sexos;21019-Campofrío;Colombia;0
Ambos sexos;21019-Campofrío;Ecuador;0
Ambos sexos;21019-Campofrío;Perú;0
Ambos sexos;21019-Campofrío;Total Asia;0
Ambos sexos;21019-Campofrío;China;0
Ambos sexos;21019-Campofrío;Oceanía;0
Ambos sexos;21020-Cañaveral de León;Total Población;412
Ambos sexos;21020-Cañaveral de León;Nacidos en el Extranjero;0
Ambos sexos;21020-Cañaveral de León;Total Europa;0
Ambos sexos;21020-Cañaveral de León;Total Unión Europea (25);0
Ambos sexos;21020-Cañaveral de León;Alemania;0
Ambos sexos;21020-Cañaveral de León;Francia;0
Ambos sexos;21020-Cañaveral de León;Italia;0
Ambos sexos;21020-Cañaveral de León;Reino Unido;0
Ambos sexos;21020-Cañaveral de León;Resto de Europa;0
Ambos sexos;21020-Cañaveral de León;Bulgaria;0
Ambos sexos;21020-Cañaveral de León;Rumanía;0
Ambos sexos;21020-Cañaveral de León;Total Africa;0
Ambos sexos;21020-Cañaveral de León;Marruecos;0
Ambos sexos;21020-Cañaveral de León;Total América;0
Ambos sexos;21020-Cañaveral de León;Argentina;0
Ambos sexos;21020-Cañaveral de León;Bolivia;0
Ambos sexos;21020-Cañaveral de León;Colombia;0
Ambos sexos;21020-Cañaveral de León;Ecuador;0
Ambos sexos;21020-Cañaveral de León;Perú;0
Ambos sexos;21020-Cañaveral de León;Total Asia;0
Ambos sexos;21020-Cañaveral de León;China;0
Ambos sexos;21020-Cañaveral de León;Oceanía;0
Ambos sexos;21021-Cartaya;Total Población;16.042
Ambos sexos;21021-Cartaya;Nacidos en el Extranjero;2.100
Ambos sexos;21021-Cartaya;Total Europa;995
Ambos sexos;21021-Cartaya;Total Unión Europea (25);507
Ambos sexos;21021-Cartaya;Alemania;74
Ambos sexos;21021-Cartaya;Francia;28
Ambos sexos;21021-Cartaya;Italia;6
Ambos sexos;21021-Cartaya;Reino Unido;48
Ambos sexos;21021-Cartaya;Resto de Europa;488
Ambos sexos;21021-Cartaya;Bulgaria;12
Ambos sexos;21021-Cartaya;Rumanía;364
Ambos sexos;21021-Cartaya;Total Africa;800
Ambos sexos;21021-Cartaya;Marruecos;623
Ambos sexos;21021-Cartaya;Total América;290
Ambos sexos;21021-Cartaya;Argentina;26
Ambos sexos;21021-Cartaya;Bolivia;43
Ambos sexos;21021-Cartaya;Colombia;22
Ambos sexos;21021-Cartaya;Ecuador;108
Ambos sexos;21021-Cartaya;Perú;17
Ambos sexos;21021-Cartaya;Total Asia;12
Ambos sexos;21021-Cartaya;China;1
Ambos sexos;21021-Cartaya;Oceanía;3
Ambos sexos;21022-Castaño del Robledo;Total Población;214
Ambos sexos;21022-Castaño del Robledo;Nacidos en el Extranjero;18
Ambos sexos;21022-Castaño del Robledo;Total Europa;13
Ambos sexos;21022-Castaño del Robledo;Total Unión Europea (25);12
Ambos sexos;21022-Castaño del Robledo;Alemania;0
Ambos sexos;21022-Castaño del Robledo;Francia;1
Ambos sexos;21022-Castaño del Robledo;Italia;0
Ambos sexos;21022-Castaño del Robledo;Reino Unido;10
Ambos sexos;21022-Castaño del Robledo;Resto de Europa;1
Ambos sexos;21022-Castaño del Robledo;Bulgaria;0
Ambos sexos;21022-Castaño del Robledo;Rumanía;0
Ambos sexos;21022-Castaño del Robledo;Total Africa;2
Ambos sexos;21022-Castaño del Robledo;Marruecos;2
Ambos sexos;21022-Castaño del Robledo;Total América;3
Ambos sexos;21022-Castaño del Robledo;Argentina;2
Ambos sexos;21022-Castaño del Robledo;Bolivia;1
Ambos sexos;21022-Castaño del Robledo;Colombia;0
Ambos sexos;21022-Castaño del Robledo;Ecuador;0
Ambos sexos;21022-Castaño del Robledo;Perú;0
Ambos sexos;21022-Castaño del Robledo;Total Asia;0
Ambos sexos;21022-Castaño del Robledo;China;0
Ambos sexos;21022-Castaño del Robledo;Oceanía;0
Ambos sexos;21023-Cerro de Andévalo (El);Total Población;2.581
Ambos sexos;21023-Cerro de Andévalo (El);Nacidos en el Extranjero;10
Ambos sexos;21023-Cerro de Andévalo (El);Total Europa;7
Ambos sexos;21023-Cerro de Andévalo (El);Total Unión Europea (25);6
Ambos sexos;21023-Cerro de Andévalo (El);Alemania;0
Ambos sexos;21023-Cerro de Andévalo (El);Francia;3
Ambos sexos;21023-Cerro de Andévalo (El);Italia;0
Ambos sexos;21023-Cerro de Andévalo (El);Reino Unido;0
Ambos sexos;21023-Cerro de Andévalo (El);Resto de Europa;1
Ambos sexos;21023-Cerro de Andévalo (El);Bulgaria;0
Ambos sexos;21023-Cerro de Andévalo (El);Rumanía;1
Ambos sexos;21023-Cerro de Andévalo (El);Total Africa;2
Ambos sexos;21023-Cerro de Andévalo (El);Marruecos;2
Ambos sexos;21023-Cerro de Andévalo (El);Total América;0
Ambos sexos;21023-Cerro de Andévalo (El);Argentina;0
Ambos sexos;21023-Cerro de Andévalo (El);Bolivia;0
Ambos sexos;21023-Cerro de Andévalo (El);Colombia;0
Ambos sexos;21023-Cerro de Andévalo (El);Ecuador;0
Ambos sexos;21023-Cerro de Andévalo (El);Perú;0
Ambos sexos;21023-Cerro de Andévalo (El);Total Asia;1
Ambos sexos;21023-Cerro de Andévalo (El);China;1
Ambos sexos;21023-Cerro de Andévalo (El);Oceanía;0
Ambos sexos;21024-Corteconcepción;Total Población;615
Ambos sexos;21024-Corteconcepción;Nacidos en el Extranjero;17
Ambos sexos;21024-Corteconcepción;Total Europa;12
Ambos sexos;21024-Corteconcepción;Total Unión Europea (25);11
Ambos sexos;21024-Corteconcepción;Alemania;9
Ambos sexos;21024-Corteconcepción;Francia;0
Ambos sexos;21024-Corteconcepción;Italia;0
Ambos sexos;21024-Corteconcepción;Reino Unido;0
Ambos sexos;21024-Corteconcepción;Resto de Europa;1
Ambos sexos;21024-Corteconcepción;Bulgaria;0
Ambos sexos;21024-Corteconcepción;Rumanía;1
Ambos sexos;21024-Corteconcepción;Total Africa;2
Ambos sexos;21024-Corteconcepción;Marruecos;2
Ambos sexos;21024-Corteconcepción;Total América;3
Ambos sexos;21024-Corteconcepción;Argentina;0
Ambos sexos;21024-Corteconcepción;Bolivia;2
Ambos sexos;21024-Corteconcepción;Colombia;1
Ambos sexos;21024-Corteconcepción;Ecuador;0
Ambos sexos;21024-Corteconcepción;Perú;0
Ambos sexos;21024-Corteconcepción;Total Asia;0
Ambos sexos;21024-Corteconcepción;China;0
Ambos sexos;21024-Corteconcepción;Oceanía;0
Ambos sexos;21025-Cortegana;Total Población;5.039
Ambos sexos;21025-Cortegana;Nacidos en el Extranjero;114
Ambos sexos;21025-Cortegana;Total Europa;82
Ambos sexos;21025-Cortegana;Total Unión Europea (25);54
Ambos sexos;21025-Cortegana;Alemania;6
Ambos sexos;21025-Cortegana;Francia;4
Ambos sexos;21025-Cortegana;Italia;2
Ambos sexos;21025-Cortegana;Reino Unido;8
Ambos sexos;21025-Cortegana;Resto de Europa;28
Ambos sexos;21025-Cortegana;Bulgaria;8
Ambos sexos;21025-Cortegana;Rumanía;13
Ambos sexos;21025-Cortegana;Total Africa;16
Ambos sexos;21025-Cortegana;Marruecos;7
Ambos sexos;21025-Cortegana;Total América;15
Ambos sexos;21025-Cortegana;Argentina;0
Ambos sexos;21025-Cortegana;Bolivia;3
Ambos sexos;21025-Cortegana;Colombia;0
Ambos sexos;21025-Cortegana;Ecuador;0
Ambos sexos;21025-Cortegana;Perú;0
Ambos sexos;21025-Cortegana;Total Asia;1
Ambos sexos;21025-Cortegana;China;0
Ambos sexos;21025-Cortegana;Oceanía;0
Ambos sexos;21026-Cortelazor;Total Población;270
Ambos sexos;21026-Cortelazor;Nacidos en el Extranjero;0
Ambos sexos;21026-Cortelazor;Total Europa;0
Ambos sexos;21026-Cortelazor;Total Unión Europea (25);0
Ambos sexos;21026-Cortelazor;Alemania;0
Ambos sexos;21026-Cortelazor;Francia;0
Ambos sexos;21026-Cortelazor;Italia;0
Ambos sexos;21026-Cortelazor;Reino Unido;0
Ambos sexos;21026-Cortelazor;Resto de Europa;0
Ambos sexos;21026-Cortelazor;Bulgaria;0
Ambos sexos;21026-Cortelazor;Rumanía;0
Ambos sexos;21026-Cortelazor;Total Africa;0
Ambos sexos;21026-Cortelazor;Marruecos;0
Ambos sexos;21026-Cortelazor;Total América;0
Ambos sexos;21026-Cortelazor;Argentina;0
Ambos sexos;21026-Cortelazor;Bolivia;0
Ambos sexos;21026-Cortelazor;Colombia;0
Ambos sexos;21026-Cortelazor;Ecuador;0
Ambos sexos;21026-Cortelazor;Perú;0
Ambos sexos;21026-Cortelazor;Total Asia;0
Ambos sexos;21026-Cortelazor;China;0
Ambos sexos;21026-Cortelazor;Oceanía;0
Ambos sexos;21027-Cumbres de Enmedio;Total Población;44
Ambos sexos;21027-Cumbres de Enmedio;Nacidos en el Extranjero;1
Ambos sexos;21027-Cumbres de Enmedio;Total Europa;0
Ambos sexos;21027-Cumbres de Enmedio;Total Unión Europea (25);0
Ambos sexos;21027-Cumbres de Enmedio;Alemania;0
Ambos sexos;21027-Cumbres de Enmedio;Francia;0
Ambos sexos;21027-Cumbres de Enmedio;Italia;0
Ambos sexos;21027-Cumbres de Enmedio;Reino Unido;0
Ambos sexos;21027-Cumbres de Enmedio;Resto de Europa;0
Ambos sexos;21027-Cumbres de Enmedio;Bulgaria;0
Ambos sexos;21027-Cumbres de Enmedio;Rumanía;0
Ambos sexos;21027-Cumbres de Enmedio;Total Africa;0
Ambos sexos;21027-Cumbres de Enmedio;Marruecos;0
Ambos sexos;21027-Cumbres de Enmedio;Total América;1
Ambos sexos;21027-Cumbres de Enmedio;Argentina;0
Ambos sexos;21027-Cumbres de Enmedio;Bolivia;0
Ambos sexos;21027-Cumbres de Enmedio;Colombia;0
Ambos sexos;21027-Cumbres de Enmedio;Ecuador;0
Ambos sexos;21027-Cumbres de Enmedio;Perú;0
Ambos sexos;21027-Cumbres de Enmedio;Total Asia;0
Ambos sexos;21027-Cumbres de Enmedio;China;0
Ambos sexos;21027-Cumbres de Enmedio;Oceanía;0
Ambos sexos;21028-Cumbres de San Bartolomé;Total Población;490
Ambos sexos;21028-Cumbres de San Bartolomé;Nacidos en el Extranjero;6
Ambos sexos;21028-Cumbres de San Bartolomé;Total Europa;5
Ambos sexos;21028-Cumbres de San Bartolomé;Total Unión Europea (25);4
Ambos sexos;21028-Cumbres de San Bartolomé;Alemania;0
Ambos sexos;21028-Cumbres de San Bartolomé;Francia;0
Ambos sexos;21028-Cumbres de San Bartolomé;Italia;0
Ambos sexos;21028-Cumbres de San Bartolomé;Reino Unido;0
Ambos sexos;21028-Cumbres de San Bartolomé;Resto de Europa;1
Ambos sexos;21028-Cumbres de San Bartolomé;Bulgaria;0
Ambos sexos;21028-Cumbres de San Bartolomé;Rumanía;1
Ambos sexos;21028-Cumbres de San Bartolomé;Total Africa;0
Ambos sexos;21028-Cumbres de San Bartolomé;Marruecos;0
Ambos sexos;21028-Cumbres de San Bartolomé;Total América;1
Ambos sexos;21028-Cumbres de San Bartolomé;Argentina;0
Ambos sexos;21028-Cumbres de San Bartolomé;Bolivia;0
Ambos sexos;21028-Cumbres de San Bartolomé;Colombia;1
Ambos sexos;21028-Cumbres de San Bartolomé;Ecuador;0
Ambos sexos;21028-Cumbres de San Bartolomé;Perú;0
Ambos sexos;21028-Cumbres de San Bartolomé;Total Asia;0
Ambos sexos;21028-Cumbres de San Bartolomé;China;0
Ambos sexos;21028-Cumbres de San Bartolomé;Oceanía;0
Ambos sexos;21029-Cumbres Mayores;Total Población;2.024
Ambos sexos;21029-Cumbres Mayores;Nacidos en el Extranjero;13
Ambos sexos;21029-Cumbres Mayores;Total Europa;11
Ambos sexos;21029-Cumbres Mayores;Total Unión Europea (25);6
Ambos sexos;21029-Cumbres Mayores;Alemania;5
Ambos sexos;21029-Cumbres Mayores;Francia;0
Ambos sexos;21029-Cumbres Mayores;Italia;0
Ambos sexos;21029-Cumbres Mayores;Reino Unido;0
Ambos sexos;21029-Cumbres Mayores;Resto de Europa;5
Ambos sexos;21029-Cumbres Mayores;Bulgaria;0
Ambos sexos;21029-Cumbres Mayores;Rumanía;5
Ambos sexos;21029-Cumbres Mayores;Total Africa;0
Ambos sexos;21029-Cumbres Mayores;Marruecos;0
Ambos sexos;21029-Cumbres Mayores;Total América;2
Ambos sexos;21029-Cumbres Mayores;Argentina;0
Ambos sexos;21029-Cumbres Mayores;Bolivia;0
Ambos sexos;21029-Cumbres Mayores;Colombia;1
Ambos sexos;21029-Cumbres Mayores;Ecuador;1
Ambos sexos;21029-Cumbres Mayores;Perú;0
Ambos sexos;21029-Cumbres Mayores;Total Asia;0
Ambos sexos;21029-Cumbres Mayores;China;0
Ambos sexos;21029-Cumbres Mayores;Oceanía;0
Ambos sexos;21030-Chucena;Total Población;2.054
Ambos sexos;21030-Chucena;Nacidos en el Extranjero;17
Ambos sexos;21030-Chucena;Total Europa;5
Ambos sexos;21030-Chucena;Total Unión Europea (25);4
Ambos sexos;21030-Chucena;Alemania;0
Ambos sexos;21030-Chucena;Francia;0
Ambos sexos;21030-Chucena;Italia;0
Ambos sexos;21030-Chucena;Reino Unido;0
Ambos sexos;21030-Chucena;Resto de Europa;1
Ambos sexos;21030-Chucena;Bulgaria;0
Ambos sexos;21030-Chucena;Rumanía;1
Ambos sexos;21030-Chucena;Total Africa;0
Ambos sexos;21030-Chucena;Marruecos;0
Ambos sexos;21030-Chucena;Total América;12
Ambos sexos;21030-Chucena;Argentina;5
Ambos sexos;21030-Chucena;Bolivia;3
Ambos sexos;21030-Chucena;Colombia;1
Ambos sexos;21030-Chucena;Ecuador;0
Ambos sexos;21030-Chucena;Perú;0
Ambos sexos;21030-Chucena;Total Asia;0
Ambos sexos;21030-Chucena;China;0
Ambos sexos;21030-Chucena;Oceanía;0
Ambos sexos;21031-Encinasola;Total Población;1.634
Ambos sexos;21031-Encinasola;Nacidos en el Extranjero;37
Ambos sexos;21031-Encinasola;Total Europa;33
Ambos sexos;21031-Encinasola;Total Unión Europea (25);25
Ambos sexos;21031-Encinasola;Alemania;0
Ambos sexos;21031-Encinasola;Francia;0
Ambos sexos;21031-Encinasola;Italia;0
Ambos sexos;21031-Encinasola;Reino Unido;0
Ambos sexos;21031-Encinasola;Resto de Europa;8
Ambos sexos;21031-Encinasola;Bulgaria;0
Ambos sexos;21031-Encinasola;Rumanía;2
Ambos sexos;21031-Encinasola;Total Africa;3
Ambos sexos;21031-Encinasola;Marruecos;3
Ambos sexos;21031-Encinasola;Total América;1
Ambos sexos;21031-Encinasola;Argentina;0
Ambos sexos;21031-Encinasola;Bolivia;1
Ambos sexos;21031-Encinasola;Colombia;0
Ambos sexos;21031-Encinasola;Ecuador;0
Ambos sexos;21031-Encinasola;Perú;0
Ambos sexos;21031-Encinasola;Total Asia;0
Ambos sexos;21031-Encinasola;China;0
Ambos sexos;21031-Encinasola;Oceanía;0
Ambos sexos;21032-Escacena del Campo;Total Población;2.174
Ambos sexos;21032-Escacena del Campo;Nacidos en el Extranjero;19
Ambos sexos;21032-Escacena del Campo;Total Europa;12
Ambos sexos;21032-Escacena del Campo;Total Unión Europea (25);3
Ambos sexos;21032-Escacena del Campo;Alemania;0
Ambos sexos;21032-Escacena del Campo;Francia;0
Ambos sexos;21032-Escacena del Campo;Italia;0
Ambos sexos;21032-Escacena del Campo;Reino Unido;0
Ambos sexos;21032-Escacena del Campo;Resto de Europa;9
Ambos sexos;21032-Escacena del Campo;Bulgaria;0
Ambos sexos;21032-Escacena del Campo;Rumanía;8
Ambos sexos;21032-Escacena del Campo;Total Africa;2
Ambos sexos;21032-Escacena del Campo;Marruecos;1
Ambos sexos;21032-Escacena del Campo;Total América;3
Ambos sexos;21032-Escacena del Campo;Argentina;0
Ambos sexos;21032-Escacena del Campo;Bolivia;0
Ambos sexos;21032-Escacena del Campo;Colombia;0
Ambos sexos;21032-Escacena del Campo;Ecuador;1
Ambos sexos;21032-Escacena del Campo;Perú;0
Ambos sexos;21032-Escacena del Campo;Total Asia;2
Ambos sexos;21032-Escacena del Campo;China;2
Ambos sexos;21032-Escacena del Campo;Oceanía;0
Ambos sexos;21033-Fuenteheridos;Total Población;606
Ambos sexos;21033-Fuenteheridos;Nacidos en el Extranjero;10
Ambos sexos;21033-Fuenteheridos;Total Europa;10
Ambos sexos;21033-Fuenteheridos;Total Unión Europea (25);10
Ambos sexos;21033-Fuenteheridos;Alemania;0
Ambos sexos;21033-Fuenteheridos;Francia;0
Ambos sexos;21033-Fuenteheridos;Italia;1
Ambos sexos;21033-Fuenteheridos;Reino Unido;9
Ambos sexos;21033-Fuenteheridos;Resto de Europa;0
Ambos sexos;21033-Fuenteheridos;Bulgaria;0
Ambos sexos;21033-Fuenteheridos;Rumanía;0
Ambos sexos;21033-Fuenteheridos;Total Africa;0
Ambos sexos;21033-Fuenteheridos;Marruecos;0
Ambos sexos;21033-Fuenteheridos;Total América;0
Ambos sexos;21033-Fuenteheridos;Argentina;0
Ambos sexos;21033-Fuenteheridos;Bolivia;0
Ambos sexos;21033-Fuenteheridos;Colombia;0
Ambos sexos;21033-Fuenteheridos;Ecuador;0
Ambos sexos;21033-Fuenteheridos;Perú;0
Ambos sexos;21033-Fuenteheridos;Total Asia;0
Ambos sexos;21033-Fuenteheridos;China;0
Ambos sexos;21033-Fuenteheridos;Oceanía;0
Ambos sexos;21034-Galaroza;Total Población;1.606
Ambos sexos;21034-Galaroza;Nacidos en el Extranjero;27
Ambos sexos;21034-Galaroza;Total Europa;21
Ambos sexos;21034-Galaroza;Total Unión Europea (25);14
Ambos sexos;21034-Galaroza;Alemania;2
Ambos sexos;21034-Galaroza;Francia;0
Ambos sexos;21034-Galaroza;Italia;0
Ambos sexos;21034-Galaroza;Reino Unido;9
Ambos sexos;21034-Galaroza;Resto de Europa;7
Ambos sexos;21034-Galaroza;Bulgaria;0
Ambos sexos;21034-Galaroza;Rumanía;5
Ambos sexos;21034-Galaroza;Total Africa;3
Ambos sexos;21034-Galaroza;Marruecos;0
Ambos sexos;21034-Galaroza;Total América;3
Ambos sexos;21034-Galaroza;Argentina;0
Ambos sexos;21034-Galaroza;Bolivia;0
Ambos sexos;21034-Galaroza;Colombia;1
Ambos sexos;21034-Galaroza;Ecuador;2
Ambos sexos;21034-Galaroza;Perú;0
Ambos sexos;21034-Galaroza;Total Asia;0
Ambos sexos;21034-Galaroza;China;0
Ambos sexos;21034-Galaroza;Oceanía;0
Ambos sexos;21035-Gibraleón;Total Población;11.349
Ambos sexos;21035-Gibraleón;Nacidos en el Extranjero;505
Ambos sexos;21035-Gibraleón;Total Europa;377
Ambos sexos;21035-Gibraleón;Total Unión Europea (25);238
Ambos sexos;21035-Gibraleón;Alemania;69
Ambos sexos;21035-Gibraleón;Francia;17
Ambos sexos;21035-Gibraleón;Italia;0
Ambos sexos;21035-Gibraleón;Reino Unido;39
Ambos sexos;21035-Gibraleón;Resto de Europa;139
Ambos sexos;21035-Gibraleón;Bulgaria;15
Ambos sexos;21035-Gibraleón;Rumanía;77
Ambos sexos;21035-Gibraleón;Total Africa;74
Ambos sexos;21035-Gibraleón;Marruecos;64
Ambos sexos;21035-Gibraleón;Total América;53
Ambos sexos;21035-Gibraleón;Argentina;2
Ambos sexos;21035-Gibraleón;Bolivia;8
Ambos sexos;21035-Gibraleón;Colombia;3
Ambos sexos;21035-Gibraleón;Ecuador;5
Ambos sexos;21035-Gibraleón;Perú;5
Ambos sexos;21035-Gibraleón;Total Asia;1
Ambos sexos;21035-Gibraleón;China;0
Ambos sexos;21035-Gibraleón;Oceanía;0
Ambos sexos;21036-Granada de Río-Tinto (La);Total Población;222
Ambos sexos;21036-Granada de Río-Tinto (La);Nacidos en el Extranjero;0
Ambos sexos;21036-Granada de Río-Tinto (La);Total Europa;0
Ambos sexos;21036-Granada de Río-Tinto (La);Total Unión Europea (25);0
Ambos sexos;21036-Granada de Río-Tinto (La);Alemania;0
Ambos sexos;21036-Granada de Río-Tinto (La);Francia;0
Ambos sexos;21036-Granada de Río-Tinto (La);Italia;0
Ambos sexos;21036-Granada de Río-Tinto (La);Reino Unido;0
Ambos sexos;21036-Granada de Río-Tinto (La);Resto de Europa;0
Ambos sexos;21036-Granada de Río-Tinto (La);Bulgaria;0
Ambos sexos;21036-Granada de Río-Tinto (La);Rumanía;0
Ambos sexos;21036-Granada de Río-Tinto (La);Total Africa;0
Ambos sexos;21036-Granada de Río-Tinto (La);Marruecos;0
Ambos sexos;21036-Granada de Río-Tinto (La);Total América;0
Ambos sexos;21036-Granada de Río-Tinto (La);Argentina;0
Ambos sexos;21036-Granada de Río-Tinto (La);Bolivia;0
Ambos sexos;21036-Granada de Río-Tinto (La);Colombia;0
Ambos sexos;21036-Granada de Río-Tinto (La);Ecuador;0
Ambos sexos;21036-Granada de Río-Tinto (La);Perú;0
Ambos sexos;21036-Granada de Río-Tinto (La);Total Asia;0
Ambos sexos;21036-Granada de Río-Tinto (La);China;0
Ambos sexos;21036-Granada de Río-Tinto (La);Oceanía;0
Ambos sexos;21037-Granado (El);Total Población;618
Ambos sexos;21037-Granado (El);Nacidos en el Extranjero;48
Ambos sexos;21037-Granado (El);Total Europa;44
Ambos sexos;21037-Granado (El);Total Unión Europea (25);40
Ambos sexos;21037-Granado (El);Alemania;7
Ambos sexos;21037-Granado (El);Francia;0
Ambos sexos;21037-Granado (El);Italia;0
Ambos sexos;21037-Granado (El);Reino Unido;1
Ambos sexos;21037-Granado (El);Resto de Europa;4
Ambos sexos;21037-Granado (El);Bulgaria;0
Ambos sexos;21037-Granado (El);Rumanía;3
Ambos sexos;21037-Granado (El);Total Africa;0
Ambos sexos;21037-Granado (El);Marruecos;0
Ambos sexos;21037-Granado (El);Total América;4
Ambos sexos;21037-Granado (El);Argentina;0
Ambos sexos;21037-Granado (El);Bolivia;0
Ambos sexos;21037-Granado (El);Colombia;0
Ambos sexos;21037-Granado (El);Ecuador;3
Ambos sexos;21037-Granado (El);Perú;0
Ambos sexos;21037-Granado (El);Total Asia;0
Ambos sexos;21037-Granado (El);China;0
Ambos sexos;21037-Granado (El);Oceanía;0
Ambos sexos;21038-Higuera de la Sierra;Total Población;1.361
Ambos sexos;21038-Higuera de la Sierra;Nacidos en el Extranjero;34
Ambos sexos;21038-Higuera de la Sierra;Total Europa;28
Ambos sexos;21038-Higuera de la Sierra;Total Unión Europea (25);16
Ambos sexos;21038-Higuera de la Sierra;Alemania;1
Ambos sexos;21038-Higuera de la Sierra;Francia;4
Ambos sexos;21038-Higuera de la Sierra;Italia;1
Ambos sexos;21038-Higuera de la Sierra;Reino Unido;5
Ambos sexos;21038-Higuera de la Sierra;Resto de Europa;12
Ambos sexos;21038-Higuera de la Sierra;Bulgaria;0
Ambos sexos;21038-Higuera de la Sierra;Rumanía;7
Ambos sexos;21038-Higuera de la Sierra;Total Africa;0
Ambos sexos;21038-Higuera de la Sierra;Marruecos;0
Ambos sexos;21038-Higuera de la Sierra;Total América;6
Ambos sexos;21038-Higuera de la Sierra;Argentina;1
Ambos sexos;21038-Higuera de la Sierra;Bolivia;0
Ambos sexos;21038-Higuera de la Sierra;Colombia;2
Ambos sexos;21038-Higuera de la Sierra;Ecuador;0
Ambos sexos;21038-Higuera de la Sierra;Perú;0
Ambos sexos;21038-Higuera de la Sierra;Total Asia;0
Ambos sexos;21038-Higuera de la Sierra;China;0
Ambos sexos;21038-Higuera de la Sierra;Oceanía;0
Ambos sexos;21039-Hinojales;Total Población;366
Ambos sexos;21039-Hinojales;Nacidos en el Extranjero;1
Ambos sexos;21039-Hinojales;Total Europa;1
Ambos sexos;21039-Hinojales;Total Unión Europea (25);1
Ambos sexos;21039-Hinojales;Alemania;0
Ambos sexos;21039-Hinojales;Francia;0
Ambos sexos;21039-Hinojales;Italia;0
Ambos sexos;21039-Hinojales;Reino Unido;0
Ambos sexos;21039-Hinojales;Resto de Europa;0
Ambos sexos;21039-Hinojales;Bulgaria;0
Ambos sexos;21039-Hinojales;Rumanía;0
Ambos sexos;21039-Hinojales;Total Africa;0
Ambos sexos;21039-Hinojales;Marruecos;0
Ambos sexos;21039-Hinojales;Total América;0
Ambos sexos;21039-Hinojales;Argentina;0
Ambos sexos;21039-Hinojales;Bolivia;0
Ambos sexos;21039-Hinojales;Colombia;0
Ambos sexos;21039-Hinojales;Ecuador;0
Ambos sexos;21039-Hinojales;Perú;0
Ambos sexos;21039-Hinojales;Total Asia;0
Ambos sexos;21039-Hinojales;China;0
Ambos sexos;21039-Hinojales;Oceanía;0
Ambos sexos;21040-Hinojos;Total Población;3.797
Ambos sexos;21040-Hinojos;Nacidos en el Extranjero;201
Ambos sexos;21040-Hinojos;Total Europa;145
Ambos sexos;21040-Hinojos;Total Unión Europea (25);61
Ambos sexos;21040-Hinojos;Alemania;14
Ambos sexos;21040-Hinojos;Francia;4
Ambos sexos;21040-Hinojos;Italia;0
Ambos sexos;21040-Hinojos;Reino Unido;8
Ambos sexos;21040-Hinojos;Resto de Europa;84
Ambos sexos;21040-Hinojos;Bulgaria;3
Ambos sexos;21040-Hinojos;Rumanía;79
Ambos sexos;21040-Hinojos;Total Africa;45
Ambos sexos;21040-Hinojos;Marruecos;41
Ambos sexos;21040-Hinojos;Total América;10
Ambos sexos;21040-Hinojos;Argentina;0
Ambos sexos;21040-Hinojos;Bolivia;1
Ambos sexos;21040-Hinojos;Colombia;1
Ambos sexos;21040-Hinojos;Ecuador;4
Ambos sexos;21040-Hinojos;Perú;0
Ambos sexos;21040-Hinojos;Total Asia;1
Ambos sexos;21040-Hinojos;China;0
Ambos sexos;21040-Hinojos;Oceanía;0
Ambos sexos;21041-Huelva;Total Población;145.763
Ambos sexos;21041-Huelva;Nacidos en el Extranjero;6.593
Ambos sexos;21041-Huelva;Total Europa;2.387
Ambos sexos;21041-Huelva;Total Unión Europea (25);1.545
Ambos sexos;21041-Huelva;Alemania;703
Ambos sexos;21041-Huelva;Francia;180
Ambos sexos;21041-Huelva;Italia;44
Ambos sexos;21041-Huelva;Reino Unido;51
Ambos sexos;21041-Huelva;Resto de Europa;842
Ambos sexos;21041-Huelva;Bulgaria;42
Ambos sexos;21041-Huelva;Rumanía;426
Ambos sexos;21041-Huelva;Total Africa;1.877
Ambos sexos;21041-Huelva;Marruecos;1.139
Ambos sexos;21041-Huelva;Total América;2.101
Ambos sexos;21041-Huelva;Argentina;197
Ambos sexos;21041-Huelva;Bolivia;266
Ambos sexos;21041-Huelva;Colombia;661
Ambos sexos;21041-Huelva;Ecuador;268
Ambos sexos;21041-Huelva;Perú;45
Ambos sexos;21041-Huelva;Total Asia;223
Ambos sexos;21041-Huelva;China;138
Ambos sexos;21041-Huelva;Oceanía;5
Ambos sexos;21042-Isla Cristina;Total Población;20.323
Ambos sexos;21042-Isla Cristina;Nacidos en el Extranjero;1.518
Ambos sexos;21042-Isla Cristina;Total Europa;746
Ambos sexos;21042-Isla Cristina;Total Unión Europea (25);485
Ambos sexos;21042-Isla Cristina;Alemania;84
Ambos sexos;21042-Isla Cristina;Francia;20
Ambos sexos;21042-Isla Cristina;Italia;13
Ambos sexos;21042-Isla Cristina;Reino Unido;20
Ambos sexos;21042-Isla Cristina;Resto de Europa;261
Ambos sexos;21042-Isla Cristina;Bulgaria;8
Ambos sexos;21042-Isla Cristina;Rumanía;182
Ambos sexos;21042-Isla Cristina;Total Africa;613
Ambos sexos;21042-Isla Cristina;Marruecos;543
Ambos sexos;21042-Isla Cristina;Total América;137
Ambos sexos;21042-Isla Cristina;Argentina;5
Ambos sexos;21042-Isla Cristina;Bolivia;24
Ambos sexos;21042-Isla Cristina;Colombia;25
Ambos sexos;21042-Isla Cristina;Ecuador;31
Ambos sexos;21042-Isla Cristina;Perú;7
Ambos sexos;21042-Isla Cristina;Total Asia;22
Ambos sexos;21042-Isla Cristina;China;15
Ambos sexos;21042-Isla Cristina;Oceanía;0
Ambos sexos;21043-Jabugo;Total Población;2.473
Ambos sexos;21043-Jabugo;Nacidos en el Extranjero;47
Ambos sexos;21043-Jabugo;Total Europa;37
Ambos sexos;21043-Jabugo;Total Unión Europea (25);19
Ambos sexos;21043-Jabugo;Alemania;1
Ambos sexos;21043-Jabugo;Francia;0
Ambos sexos;21043-Jabugo;Italia;0
Ambos sexos;21043-Jabugo;Reino Unido;5
Ambos sexos;21043-Jabugo;Resto de Europa;18
Ambos sexos;21043-Jabugo;Bulgaria;0
Ambos sexos;21043-Jabugo;Rumanía;12
Ambos sexos;21043-Jabugo;Total Africa;4
Ambos sexos;21043-Jabugo;Marruecos;3
Ambos sexos;21043-Jabugo;Total América;6
Ambos sexos;21043-Jabugo;Argentina;1
Ambos sexos;21043-Jabugo;Bolivia;0
Ambos sexos;21043-Jabugo;Colombia;0
Ambos sexos;21043-Jabugo;Ecuador;2
Ambos sexos;21043-Jabugo;Perú;1
Ambos sexos;21043-Jabugo;Total Asia;0
Ambos sexos;21043-Jabugo;China;0
Ambos sexos;21043-Jabugo;Oceanía;0
Ambos sexos;21044-Lepe;Total Población;23.781
Ambos sexos;21044-Lepe;Nacidos en el Extranjero;2.983
Ambos sexos;21044-Lepe;Total Europa;1.287
Ambos sexos;21044-Lepe;Total Unión Europea (25);596
Ambos sexos;21044-Lepe;Alemania;91
Ambos sexos;21044-Lepe;Francia;19
Ambos sexos;21044-Lepe;Italia;10
Ambos sexos;21044-Lepe;Reino Unido;30
Ambos sexos;21044-Lepe;Resto de Europa;691
Ambos sexos;21044-Lepe;Bulgaria;68
Ambos sexos;21044-Lepe;Rumanía;486
Ambos sexos;21044-Lepe;Total Africa;960
Ambos sexos;21044-Lepe;Marruecos;565
Ambos sexos;21044-Lepe;Total América;692
Ambos sexos;21044-Lepe;Argentina;17
Ambos sexos;21044-Lepe;Bolivia;32
Ambos sexos;21044-Lepe;Colombia;102
Ambos sexos;21044-Lepe;Ecuador;471
Ambos sexos;21044-Lepe;Perú;5
Ambos sexos;21044-Lepe;Total Asia;44
Ambos sexos;21044-Lepe;China;41
Ambos sexos;21044-Lepe;Oceanía;0
Ambos sexos;21045-Linares de la Sierra;Total Población;308
Ambos sexos;21045-Linares de la Sierra;Nacidos en el Extranjero;4
Ambos sexos;21045-Linares de la Sierra;Total Europa;3
Ambos sexos;21045-Linares de la Sierra;Total Unión Europea (25);2
Ambos sexos;21045-Linares de la Sierra;Alemania;1
Ambos sexos;21045-Linares de la Sierra;Francia;0
Ambos sexos;21045-Linares de la Sierra;Italia;0
Ambos sexos;21045-Linares de la Sierra;Reino Unido;0
Ambos sexos;21045-Linares de la Sierra;Resto de Europa;1
Ambos sexos;21045-Linares de la Sierra;Bulgaria;0
Ambos sexos;21045-Linares de la Sierra;Rumanía;0
Ambos sexos;21045-Linares de la Sierra;Total Africa;1
Ambos sexos;21045-Linares de la Sierra;Marruecos;1
Ambos sexos;21045-Linares de la Sierra;Total América;0
Ambos sexos;21045-Linares de la Sierra;Argentina;0
Ambos sexos;21045-Linares de la Sierra;Bolivia;0
Ambos sexos;21045-Linares de la Sierra;Colombia;0
Ambos sexos;21045-Linares de la Sierra;Ecuador;0
Ambos sexos;21045-Linares de la Sierra;Perú;0
Ambos sexos;21045-Linares de la Sierra;Total Asia;0
Ambos sexos;21045-Linares de la Sierra;China;0
Ambos sexos;21045-Linares de la Sierra;Oceanía;0
Ambos sexos;21046-Lucena del Puerto;Total Población;2.175
Ambos sexos;21046-Lucena del Puerto;Nacidos en el Extranjero;112
Ambos sexos;21046-Lucena del Puerto;Total Europa;41
Ambos sexos;21046-Lucena del Puerto;Total Unión Europea (25);35
Ambos sexos;21046-Lucena del Puerto;Alemania;5
Ambos sexos;21046-Lucena del Puerto;Francia;0
Ambos sexos;21046-Lucena del Puerto;Italia;0
Ambos sexos;21046-Lucena del Puerto;Reino Unido;10
Ambos sexos;21046-Lucena del Puerto;Resto de Europa;6
Ambos sexos;21046-Lucena del Puerto;Bulgaria;0
Ambos sexos;21046-Lucena del Puerto;Rumanía;6
Ambos sexos;21046-Lucena del Puerto;Total Africa;67
Ambos sexos;21046-Lucena del Puerto;Marruecos;62
Ambos sexos;21046-Lucena del Puerto;Total América;4
Ambos sexos;21046-Lucena del Puerto;Argentina;0
Ambos sexos;21046-Lucena del Puerto;Bolivia;0
Ambos sexos;21046-Lucena del Puerto;Colombia;0
Ambos sexos;21046-Lucena del Puerto;Ecuador;3
Ambos sexos;21046-Lucena del Puerto;Perú;0
Ambos sexos;21046-Lucena del Puerto;Total Asia;0
Ambos sexos;21046-Lucena del Puerto;China;0
Ambos sexos;21046-Lucena del Puerto;Oceanía;0
Ambos sexos;21047-Manzanilla;Total Población;2.355
Ambos sexos;21047-Manzanilla;Nacidos en el Extranjero;28
Ambos sexos;21047-Manzanilla;Total Europa;17
Ambos sexos;21047-Manzanilla;Total Unión Europea (25);10
Ambos sexos;21047-Manzanilla;Alemania;1
Ambos sexos;21047-Manzanilla;Francia;3
Ambos sexos;21047-Manzanilla;Italia;4
Ambos sexos;21047-Manzanilla;Reino Unido;2
Ambos sexos;21047-Manzanilla;Resto de Europa;7
Ambos sexos;21047-Manzanilla;Bulgaria;0
Ambos sexos;21047-Manzanilla;Rumanía;6
Ambos sexos;21047-Manzanilla;Total Africa;3
Ambos sexos;21047-Manzanilla;Marruecos;3
Ambos sexos;21047-Manzanilla;Total América;8
Ambos sexos;21047-Manzanilla;Argentina;0
Ambos sexos;21047-Manzanilla;Bolivia;0
Ambos sexos;21047-Manzanilla;Colombia;0
Ambos sexos;21047-Manzanilla;Ecuador;1
Ambos sexos;21047-Manzanilla;Perú;0
Ambos sexos;21047-Manzanilla;Total Asia;0
Ambos sexos;21047-Manzanilla;China;0
Ambos sexos;21047-Manzanilla;Oceanía;0
Ambos sexos;21048-Marines (Los);Total Población;320
Ambos sexos;21048-Marines (Los);Nacidos en el Extranjero;9
Ambos sexos;21048-Marines (Los);Total Europa;9
Ambos sexos;21048-Marines (Los);Total Unión Europea (25);9
Ambos sexos;21048-Marines (Los);Alemania;0
Ambos sexos;21048-Marines (Los);Francia;0
Ambos sexos;21048-Marines (Los);Italia;0
Ambos sexos;21048-Marines (Los);Reino Unido;8
Ambos sexos;21048-Marines (Los);Resto de Europa;0
Ambos sexos;21048-Marines (Los);Bulgaria;0
Ambos sexos;21048-Marines (Los);Rumanía;0
Ambos sexos;21048-Marines (Los);Total Africa;0
Ambos sexos;21048-Marines (Los);Marruecos;0
Ambos sexos;21048-Marines (Los);Total América;0
Ambos sexos;21048-Marines (Los);Argentina;0
Ambos sexos;21048-Marines (Los);Bolivia;0
Ambos sexos;21048-Marines (Los);Colombia;0
Ambos sexos;21048-Marines (Los);Ecuador;0
Ambos sexos;21048-Marines (Los);Perú;0
Ambos sexos;21048-Marines (Los);Total Asia;0
Ambos sexos;21048-Marines (Los);China;0
Ambos sexos;21048-Marines (Los);Oceanía;0
Ambos sexos;21049-Minas de Riotinto;Total Población;4.401
Ambos sexos;21049-Minas de Riotinto;Nacidos en el Extranjero;81
Ambos sexos;21049-Minas de Riotinto;Total Europa;55
Ambos sexos;21049-Minas de Riotinto;Total Unión Europea (25);25
Ambos sexos;21049-Minas de Riotinto;Alemania;10
Ambos sexos;21049-Minas de Riotinto;Francia;6
Ambos sexos;21049-Minas de Riotinto;Italia;0
Ambos sexos;21049-Minas de Riotinto;Reino Unido;0
Ambos sexos;21049-Minas de Riotinto;Resto de Europa;30
Ambos sexos;21049-Minas de Riotinto;Bulgaria;16
Ambos sexos;21049-Minas de Riotinto;Rumanía;10
Ambos sexos;21049-Minas de Riotinto;Total Africa;8
Ambos sexos;21049-Minas de Riotinto;Marruecos;4
Ambos sexos;21049-Minas de Riotinto;Total América;17
Ambos sexos;21049-Minas de Riotinto;Argentina;5
Ambos sexos;21049-Minas de Riotinto;Bolivia;0
Ambos sexos;21049-Minas de Riotinto;Colombia;2
Ambos sexos;21049-Minas de Riotinto;Ecuador;0
Ambos sexos;21049-Minas de Riotinto;Perú;3
Ambos sexos;21049-Minas de Riotinto;Total Asia;1
Ambos sexos;21049-Minas de Riotinto;China;1
Ambos sexos;21049-Minas de Riotinto;Oceanía;0
Ambos sexos;21050-Moguer;Total Población;18.441
Ambos sexos;21050-Moguer;Nacidos en el Extranjero;3.029
Ambos sexos;21050-Moguer;Total Europa;944
Ambos sexos;21050-Moguer;Total Unión Europea (25);368
Ambos sexos;21050-Moguer;Alemania;55
Ambos sexos;21050-Moguer;Francia;25
Ambos sexos;21050-Moguer;Italia;7
Ambos sexos;21050-Moguer;Reino Unido;12
Ambos sexos;21050-Moguer;Resto de Europa;576
Ambos sexos;21050-Moguer;Bulgaria;36
Ambos sexos;21050-Moguer;Rumanía;358
Ambos sexos;21050-Moguer;Total Africa;1.910
Ambos sexos;21050-Moguer;Marruecos;1.149
Ambos sexos;21050-Moguer;Total América;162
Ambos sexos;21050-Moguer;Argentina;11
Ambos sexos;21050-Moguer;Bolivia;6
Ambos sexos;21050-Moguer;Colombia;50
Ambos sexos;21050-Moguer;Ecuador;58
Ambos sexos;21050-Moguer;Perú;2
Ambos sexos;21050-Moguer;Total Asia;12
Ambos sexos;21050-Moguer;China;6
Ambos sexos;21050-Moguer;Oceanía;1
Ambos sexos;21051-Nava (La);Total Población;328
Ambos sexos;21051-Nava (La);Nacidos en el Extranjero;5
Ambos sexos;21051-Nava (La);Total Europa;3
Ambos sexos;21051-Nava (La);Total Unión Europea (25);3
Ambos sexos;21051-Nava (La);Alemania;0
Ambos sexos;21051-Nava (La);Francia;0
Ambos sexos;21051-Nava (La);Italia;0
Ambos sexos;21051-Nava (La);Reino Unido;0
Ambos sexos;21051-Nava (La);Resto de Europa;0
Ambos sexos;21051-Nava (La);Bulgaria;0
Ambos sexos;21051-Nava (La);Rumanía;0
Ambos sexos;21051-Nava (La);Total Africa;0
Ambos sexos;21051-Nava (La);Marruecos;0
Ambos sexos;21051-Nava (La);Total América;1
Ambos sexos;21051-Nava (La);Argentina;0
Ambos sexos;21051-Nava (La);Bolivia;0
Ambos sexos;21051-Nava (La);Colombia;0
Ambos sexos;21051-Nava (La);Ecuador;0
Ambos sexos;21051-Nava (La);Perú;0
Ambos sexos;21051-Nava (La);Total Asia;1
Ambos sexos;21051-Nava (La);China;0
Ambos sexos;21051-Nava (La);Oceanía;0
Ambos sexos;21052-Nerva;Total Población;5.947
Ambos sexos;21052-Nerva;Nacidos en el Extranjero;90
Ambos sexos;21052-Nerva;Total Europa;69
Ambos sexos;21052-Nerva;Total Unión Europea (25);36
Ambos sexos;21052-Nerva;Alemania;18
Ambos sexos;21052-Nerva;Francia;9
Ambos sexos;21052-Nerva;Italia;0
Ambos sexos;21052-Nerva;Reino Unido;1
Ambos sexos;21052-Nerva;Resto de Europa;33
Ambos sexos;21052-Nerva;Bulgaria;16
Ambos sexos;21052-Nerva;Rumanía;1
Ambos sexos;21052-Nerva;Total Africa;3
Ambos sexos;21052-Nerva;Marruecos;2
Ambos sexos;21052-Nerva;Total América;18
Ambos sexos;21052-Nerva;Argentina;2
Ambos sexos;21052-Nerva;Bolivia;2
Ambos sexos;21052-Nerva;Colombia;1
Ambos sexos;21052-Nerva;Ecuador;2
Ambos sexos;21052-Nerva;Perú;0
Ambos sexos;21052-Nerva;Total Asia;0
Ambos sexos;21052-Nerva;China;0
Ambos sexos;21052-Nerva;Oceanía;0
Ambos sexos;21053-Niebla;Total Población;4.033
Ambos sexos;21053-Niebla;Nacidos en el Extranjero;140
Ambos sexos;21053-Niebla;Total Europa;104
Ambos sexos;21053-Niebla;Total Unión Europea (25);46
Ambos sexos;21053-Niebla;Alemania;7
Ambos sexos;21053-Niebla;Francia;3
Ambos sexos;21053-Niebla;Italia;0
Ambos sexos;21053-Niebla;Reino Unido;5
Ambos sexos;21053-Niebla;Resto de Europa;58
Ambos sexos;21053-Niebla;Bulgaria;3
Ambos sexos;21053-Niebla;Rumanía;41
Ambos sexos;21053-Niebla;Total Africa;21
Ambos sexos;21053-Niebla;Marruecos;14
Ambos sexos;21053-Niebla;Total América;13
Ambos sexos;21053-Niebla;Argentina;1
Ambos sexos;21053-Niebla;Bolivia;0
Ambos sexos;21053-Niebla;Colombia;0
Ambos sexos;21053-Niebla;Ecuador;0
Ambos sexos;21053-Niebla;Perú;1
Ambos sexos;21053-Niebla;Total Asia;1
Ambos sexos;21053-Niebla;China;0
Ambos sexos;21053-Niebla;Oceanía;1
Ambos sexos;21054-Palma del Condado (La);Total Población;10.074
Ambos sexos;21054-Palma del Condado (La);Nacidos en el Extranjero;260
Ambos sexos;21054-Palma del Condado (La);Total Europa;183
Ambos sexos;21054-Palma del Condado (La);Total Unión Europea (25);56
Ambos sexos;21054-Palma del Condado (La);Alemania;15
Ambos sexos;21054-Palma del Condado (La);Francia;10
Ambos sexos;21054-Palma del Condado (La);Italia;0
Ambos sexos;21054-Palma del Condado (La);Reino Unido;1
Ambos sexos;21054-Palma del Condado (La);Resto de Europa;127
Ambos sexos;21054-Palma del Condado (La);Bulgaria;37
Ambos sexos;21054-Palma del Condado (La);Rumanía;84
Ambos sexos;21054-Palma del Condado (La);Total Africa;49
Ambos sexos;21054-Palma del Condado (La);Marruecos;48
Ambos sexos;21054-Palma del Condado (La);Total América;27
Ambos sexos;21054-Palma del Condado (La);Argentina;6
Ambos sexos;21054-Palma del Condado (La);Bolivia;1
Ambos sexos;21054-Palma del Condado (La);Colombia;4
Ambos sexos;21054-Palma del Condado (La);Ecuador;3
Ambos sexos;21054-Palma del Condado (La);Perú;1
Ambos sexos;21054-Palma del Condado (La);Total Asia;1
Ambos sexos;21054-Palma del Condado (La);China;1
Ambos sexos;21054-Palma del Condado (La);Oceanía;0
Ambos sexos;21055-Palos de la Frontera;Total Población;8.415
Ambos sexos;21055-Palos de la Frontera;Nacidos en el Extranjero;978
Ambos sexos;21055-Palos de la Frontera;Total Europa;429
Ambos sexos;21055-Palos de la Frontera;Total Unión Europea (25);159
Ambos sexos;21055-Palos de la Frontera;Alemania;14
Ambos sexos;21055-Palos de la Frontera;Francia;5
Ambos sexos;21055-Palos de la Frontera;Italia;6
Ambos sexos;21055-Palos de la Frontera;Reino Unido;3
Ambos sexos;21055-Palos de la Frontera;Resto de Europa;270
Ambos sexos;21055-Palos de la Frontera;Bulgaria;11
Ambos sexos;21055-Palos de la Frontera;Rumanía;217
Ambos sexos;21055-Palos de la Frontera;Total Africa;431
Ambos sexos;21055-Palos de la Frontera;Marruecos;249
Ambos sexos;21055-Palos de la Frontera;Total América;116
Ambos sexos;21055-Palos de la Frontera;Argentina;12
Ambos sexos;21055-Palos de la Frontera;Bolivia;4
Ambos sexos;21055-Palos de la Frontera;Colombia;13
Ambos sexos;21055-Palos de la Frontera;Ecuador;60
Ambos sexos;21055-Palos de la Frontera;Perú;3
Ambos sexos;21055-Palos de la Frontera;Total Asia;2
Ambos sexos;21055-Palos de la Frontera;China;2
Ambos sexos;21055-Palos de la Frontera;Oceanía;0
Ambos sexos;21056-Paterna del Campo;Total Población;3.763
Ambos sexos;21056-Paterna del Campo;Nacidos en el Extranjero;33
Ambos sexos;21056-Paterna del Campo;Total Europa;14
Ambos sexos;21056-Paterna del Campo;Total Unión Europea (25);4
Ambos sexos;21056-Paterna del Campo;Alemania;0
Ambos sexos;21056-Paterna del Campo;Francia;1
Ambos sexos;21056-Paterna del Campo;Italia;0
Ambos sexos;21056-Paterna del Campo;Reino Unido;0
Ambos sexos;21056-Paterna del Campo;Resto de Europa;10
Ambos sexos;21056-Paterna del Campo;Bulgaria;0
Ambos sexos;21056-Paterna del Campo;Rumanía;8
Ambos sexos;21056-Paterna del Campo;Total Africa;9
Ambos sexos;21056-Paterna del Campo;Marruecos;8
Ambos sexos;21056-Paterna del Campo;Total América;8
Ambos sexos;21056-Paterna del Campo;Argentina;0
Ambos sexos;21056-Paterna del Campo;Bolivia;1
Ambos sexos;21056-Paterna del Campo;Colombia;0
Ambos sexos;21056-Paterna del Campo;Ecuador;3
Ambos sexos;21056-Paterna del Campo;Perú;1
Ambos sexos;21056-Paterna del Campo;Total Asia;2
Ambos sexos;21056-Paterna del Campo;China;2
Ambos sexos;21056-Paterna del Campo;Oceanía;0
Ambos sexos;21057-Paymogo;Total Población;1.273
Ambos sexos;21057-Paymogo;Nacidos en el Extranjero;42
Ambos sexos;21057-Paymogo;Total Europa;38
Ambos sexos;21057-Paymogo;Total Unión Europea (25);36
Ambos sexos;21057-Paymogo;Alemania;1
Ambos sexos;21057-Paymogo;Francia;0
Ambos sexos;21057-Paymogo;Italia;0
Ambos sexos;21057-Paymogo;Reino Unido;0
Ambos sexos;21057-Paymogo;Resto de Europa;2
Ambos sexos;21057-Paymogo;Bulgaria;0
Ambos sexos;21057-Paymogo;Rumanía;1
Ambos sexos;21057-Paymogo;Total Africa;0
Ambos sexos;21057-Paymogo;Marruecos;0
Ambos sexos;21057-Paymogo;Total América;4
Ambos sexos;21057-Paymogo;Argentina;0
Ambos sexos;21057-Paymogo;Bolivia;0
Ambos sexos;21057-Paymogo;Colombia;4
Ambos sexos;21057-Paymogo;Ecuador;0
Ambos sexos;21057-Paymogo;Perú;0
Ambos sexos;21057-Paymogo;Total Asia;0
Ambos sexos;21057-Paymogo;China;0
Ambos sexos;21057-Paymogo;Oceanía;0
Ambos sexos;21058-Puebla de Guzmán;Total Población;3.200
Ambos sexos;21058-Puebla de Guzmán;Nacidos en el Extranjero;156
Ambos sexos;21058-Puebla de Guzmán;Total Europa;145
Ambos sexos;21058-Puebla de Guzmán;Total Unión Europea (25);131
Ambos sexos;21058-Puebla de Guzmán;Alemania;62
Ambos sexos;21058-Puebla de Guzmán;Francia;4
Ambos sexos;21058-Puebla de Guzmán;Italia;2
Ambos sexos;21058-Puebla de Guzmán;Reino Unido;0
Ambos sexos;21058-Puebla de Guzmán;Resto de Europa;14
Ambos sexos;21058-Puebla de Guzmán;Bulgaria;0
Ambos sexos;21058-Puebla de Guzmán;Rumanía;10
Ambos sexos;21058-Puebla de Guzmán;Total Africa;8
Ambos sexos;21058-Puebla de Guzmán;Marruecos;2
Ambos sexos;21058-Puebla de Guzmán;Total América;3
Ambos sexos;21058-Puebla de Guzmán;Argentina;0
Ambos sexos;21058-Puebla de Guzmán;Bolivia;0
Ambos sexos;21058-Puebla de Guzmán;Colombia;1
Ambos sexos;21058-Puebla de Guzmán;Ecuador;0
Ambos sexos;21058-Puebla de Guzmán;Perú;0
Ambos sexos;21058-Puebla de Guzmán;Total Asia;0
Ambos sexos;21058-Puebla de Guzmán;China;0
Ambos sexos;21058-Puebla de Guzmán;Oceanía;0
Ambos sexos;21059-Puerto Moral;Total Población;272
Ambos sexos;21059-Puerto Moral;Nacidos en el Extranjero;4
Ambos sexos;21059-Puerto Moral;Total Europa;1
Ambos sexos;21059-Puerto Moral;Total Unión Europea (25);1
Ambos sexos;21059-Puerto Moral;Alemania;1
Ambos sexos;21059-Puerto Moral;Francia;0
Ambos sexos;21059-Puerto Moral;Italia;0
Ambos sexos;21059-Puerto Moral;Reino Unido;0
Ambos sexos;21059-Puerto Moral;Resto de Europa;0
Ambos sexos;21059-Puerto Moral;Bulgaria;0
Ambos sexos;21059-Puerto Moral;Rumanía;0
Ambos sexos;21059-Puerto Moral;Total Africa;1
Ambos sexos;21059-Puerto Moral;Marruecos;1
Ambos sexos;21059-Puerto Moral;Total América;2
Ambos sexos;21059-Puerto Moral;Argentina;0
Ambos sexos;21059-Puerto Moral;Bolivia;2
Ambos sexos;21059-Puerto Moral;Colombia;0
Ambos sexos;21059-Puerto Moral;Ecuador;0
Ambos sexos;21059-Puerto Moral;Perú;0
Ambos sexos;21059-Puerto Moral;Total Asia;0
Ambos sexos;21059-Puerto Moral;China;0
Ambos sexos;21059-Puerto Moral;Oceanía;0
Ambos sexos;21060-Punta Umbría;Total Población;14.033
Ambos sexos;21060-Punta Umbría;Nacidos en el Extranjero;604
Ambos sexos;21060-Punta Umbría;Total Europa;302
Ambos sexos;21060-Punta Umbría;Total Unión Europea (25);222
Ambos sexos;21060-Punta Umbría;Alemania;59
Ambos sexos;21060-Punta Umbría;Francia;21
Ambos sexos;21060-Punta Umbría;Italia;6
Ambos sexos;21060-Punta Umbría;Reino Unido;19
Ambos sexos;21060-Punta Umbría;Resto de Europa;80
Ambos sexos;21060-Punta Umbría;Bulgaria;13
Ambos sexos;21060-Punta Umbría;Rumanía;42
Ambos sexos;21060-Punta Umbría;Total Africa;123
Ambos sexos;21060-Punta Umbría;Marruecos;117
Ambos sexos;21060-Punta Umbría;Total América;141
Ambos sexos;21060-Punta Umbría;Argentina;44
Ambos sexos;21060-Punta Umbría;Bolivia;3
Ambos sexos;21060-Punta Umbría;Colombia;26
Ambos sexos;21060-Punta Umbría;Ecuador;14
Ambos sexos;21060-Punta Umbría;Perú;7
Ambos sexos;21060-Punta Umbría;Total Asia;36
Ambos sexos;21060-Punta Umbría;China;17
Ambos sexos;21060-Punta Umbría;Oceanía;2
Ambos sexos;21061-Rociana del Condado;Total Población;6.863
Ambos sexos;21061-Rociana del Condado;Nacidos en el Extranjero;763
Ambos sexos;21061-Rociana del Condado;Total Europa;609
Ambos sexos;21061-Rociana del Condado;Total Unión Europea (25);79
Ambos sexos;21061-Rociana del Condado;Alemania;21
Ambos sexos;21061-Rociana del Condado;Francia;4
Ambos sexos;21061-Rociana del Condado;Italia;1
Ambos sexos;21061-Rociana del Condado;Reino Unido;2
Ambos sexos;21061-Rociana del Condado;Resto de Europa;530
Ambos sexos;21061-Rociana del Condado;Bulgaria;11
Ambos sexos;21061-Rociana del Condado;Rumanía;449
Ambos sexos;21061-Rociana del Condado;Total Africa;136
Ambos sexos;21061-Rociana del Condado;Marruecos;108
Ambos sexos;21061-Rociana del Condado;Total América;18
Ambos sexos;21061-Rociana del Condado;Argentina;0
Ambos sexos;21061-Rociana del Condado;Bolivia;0
Ambos sexos;21061-Rociana del Condado;Colombia;7
Ambos sexos;21061-Rociana del Condado;Ecuador;2
Ambos sexos;21061-Rociana del Condado;Perú;1
Ambos sexos;21061-Rociana del Condado;Total Asia;0
Ambos sexos;21061-Rociana del Condado;China;0
Ambos sexos;21061-Rociana del Condado;Oceanía;0
Ambos sexos;21062-Rosal de la Frontera;Total Población;1.819
Ambos sexos;21062-Rosal de la Frontera;Nacidos en el Extranjero;172
Ambos sexos;21062-Rosal de la Frontera;Total Europa;170
Ambos sexos;21062-Rosal de la Frontera;Total Unión Europea (25);133
Ambos sexos;21062-Rosal de la Frontera;Alemania;6
Ambos sexos;21062-Rosal de la Frontera;Francia;2
Ambos sexos;21062-Rosal de la Frontera;Italia;0
Ambos sexos;21062-Rosal de la Frontera;Reino Unido;0
Ambos sexos;21062-Rosal de la Frontera;Resto de Europa;37
Ambos sexos;21062-Rosal de la Frontera;Bulgaria;0
Ambos sexos;21062-Rosal de la Frontera;Rumanía;19
Ambos sexos;21062-Rosal de la Frontera;Total Africa;0
Ambos sexos;21062-Rosal de la Frontera;Marruecos;0
Ambos sexos;21062-Rosal de la Frontera;Total América;2
Ambos sexos;21062-Rosal de la Frontera;Argentina;0
Ambos sexos;21062-Rosal de la Frontera;Bolivia;0
Ambos sexos;21062-Rosal de la Frontera;Colombia;0
Ambos sexos;21062-Rosal de la Frontera;Ecuador;0
Ambos sexos;21062-Rosal de la Frontera;Perú;0
Ambos sexos;21062-Rosal de la Frontera;Total Asia;0
Ambos sexos;21062-Rosal de la Frontera;China;0
Ambos sexos;21062-Rosal de la Frontera;Oceanía;0
Ambos sexos;21063-San Bartolomé de la Torre;Total Población;3.205
Ambos sexos;21063-San Bartolomé de la Torre;Nacidos en el Extranjero;323
Ambos sexos;21063-San Bartolomé de la Torre;Total Europa;277
Ambos sexos;21063-San Bartolomé de la Torre;Total Unión Europea (25);137
Ambos sexos;21063-San Bartolomé de la Torre;Alemania;26
Ambos sexos;21063-San Bartolomé de la Torre;Francia;4
Ambos sexos;21063-San Bartolomé de la Torre;Italia;2
Ambos sexos;21063-San Bartolomé de la Torre;Reino Unido;2
Ambos sexos;21063-San Bartolomé de la Torre;Resto de Europa;140
Ambos sexos;21063-San Bartolomé de la Torre;Bulgaria;7
Ambos sexos;21063-San Bartolomé de la Torre;Rumanía;72
Ambos sexos;21063-San Bartolomé de la Torre;Total Africa;27
Ambos sexos;21063-San Bartolomé de la Torre;Marruecos;19
Ambos sexos;21063-San Bartolomé de la Torre;Total América;18
Ambos sexos;21063-San Bartolomé de la Torre;Argentina;2
Ambos sexos;21063-San Bartolomé de la Torre;Bolivia;2
Ambos sexos;21063-San Bartolomé de la Torre;Colombia;2
Ambos sexos;21063-San Bartolomé de la Torre;Ecuador;7
Ambos sexos;21063-San Bartolomé de la Torre;Perú;0
Ambos sexos;21063-San Bartolomé de la Torre;Total Asia;1
Ambos sexos;21063-San Bartolomé de la Torre;China;0
Ambos sexos;21063-San Bartolomé de la Torre;Oceanía;0
Ambos sexos;21064-San Juan del Puerto;Total Población;7.204
Ambos sexos;21064-San Juan del Puerto;Nacidos en el Extranjero;183
Ambos sexos;21064-San Juan del Puerto;Total Europa;88
Ambos sexos;21064-San Juan del Puerto;Total Unión Europea (25);49
Ambos sexos;21064-San Juan del Puerto;Alemania;20
Ambos sexos;21064-San Juan del Puerto;Francia;5
Ambos sexos;21064-San Juan del Puerto;Italia;1
Ambos sexos;21064-San Juan del Puerto;Reino Unido;1
Ambos sexos;21064-San Juan del Puerto;Resto de Europa;39
Ambos sexos;21064-San Juan del Puerto;Bulgaria;4
Ambos sexos;21064-San Juan del Puerto;Rumanía;17
Ambos sexos;21064-San Juan del Puerto;Total Africa;44
Ambos sexos;21064-San Juan del Puerto;Marruecos;35
Ambos sexos;21064-San Juan del Puerto;Total América;51
Ambos sexos;21064-San Juan del Puerto;Argentina;2
Ambos sexos;21064-San Juan del Puerto;Bolivia;2
Ambos sexos;21064-San Juan del Puerto;Colombia;21
Ambos sexos;21064-San Juan del Puerto;Ecuador;5
Ambos sexos;21064-San Juan del Puerto;Perú;6
Ambos sexos;21064-San Juan del Puerto;Total Asia;0
Ambos sexos;21064-San Juan del Puerto;China;0
Ambos sexos;21064-San Juan del Puerto;Oceanía;0
Ambos sexos;21065-Sanlúcar de Guadiana;Total Población;373
Ambos sexos;21065-Sanlúcar de Guadiana;Nacidos en el Extranjero;37
Ambos sexos;21065-Sanlúcar de Guadiana;Total Europa;33
Ambos sexos;21065-Sanlúcar de Guadiana;Total Unión Europea (25);33
Ambos sexos;21065-Sanlúcar de Guadiana;Alemania;6
Ambos sexos;21065-Sanlúcar de Guadiana;Francia;1
Ambos sexos;21065-Sanlúcar de Guadiana;Italia;0
Ambos sexos;21065-Sanlúcar de Guadiana;Reino Unido;10
Ambos sexos;21065-Sanlúcar de Guadiana;Resto de Europa;0
Ambos sexos;21065-Sanlúcar de Guadiana;Bulgaria;0
Ambos sexos;21065-Sanlúcar de Guadiana;Rumanía;0
Ambos sexos;21065-Sanlúcar de Guadiana;Total Africa;2
Ambos sexos;21065-Sanlúcar de Guadiana;Marruecos;1
Ambos sexos;21065-Sanlúcar de Guadiana;Total América;2
Ambos sexos;21065-Sanlúcar de Guadiana;Argentina;0
Ambos sexos;21065-Sanlúcar de Guadiana;Bolivia;1
Ambos sexos;21065-Sanlúcar de Guadiana;Colombia;0
Ambos sexos;21065-Sanlúcar de Guadiana;Ecuador;0
Ambos sexos;21065-Sanlúcar de Guadiana;Perú;0
Ambos sexos;21065-Sanlúcar de Guadiana;Total Asia;0
Ambos sexos;21065-Sanlúcar de Guadiana;China;0
Ambos sexos;21065-Sanlúcar de Guadiana;Oceanía;0
Ambos sexos;21066-San Silvestre de Guzmán;Total Población;662
Ambos sexos;21066-San Silvestre de Guzmán;Nacidos en el Extranjero;80
Ambos sexos;21066-San Silvestre de Guzmán;Total Europa;52
Ambos sexos;21066-San Silvestre de Guzmán;Total Unión Europea (25);43
Ambos sexos;21066-San Silvestre de Guzmán;Alemania;18
Ambos sexos;21066-San Silvestre de Guzmán;Francia;1
Ambos sexos;21066-San Silvestre de Guzmán;Italia;2
Ambos sexos;21066-San Silvestre de Guzmán;Reino Unido;1
Ambos sexos;21066-San Silvestre de Guzmán;Resto de Europa;9
Ambos sexos;21066-San Silvestre de Guzmán;Bulgaria;0
Ambos sexos;21066-San Silvestre de Guzmán;Rumanía;3
Ambos sexos;21066-San Silvestre de Guzmán;Total Africa;9
Ambos sexos;21066-San Silvestre de Guzmán;Marruecos;4
Ambos sexos;21066-San Silvestre de Guzmán;Total América;10
Ambos sexos;21066-San Silvestre de Guzmán;Argentina;0
Ambos sexos;21066-San Silvestre de Guzmán;Bolivia;0
Ambos sexos;21066-San Silvestre de Guzmán;Colombia;0
Ambos sexos;21066-San Silvestre de Guzmán;Ecuador;8
Ambos sexos;21066-San Silvestre de Guzmán;Perú;0
Ambos sexos;21066-San Silvestre de Guzmán;Total Asia;9
Ambos sexos;21066-San Silvestre de Guzmán;China;0
Ambos sexos;21066-San Silvestre de Guzmán;Oceanía;0
Ambos sexos;21067-Santa Ana la Real;Total Población;484
Ambos sexos;21067-Santa Ana la Real;Nacidos en el Extranjero;8
Ambos sexos;21067-Santa Ana la Real;Total Europa;6
Ambos sexos;21067-Santa Ana la Real;Total Unión Europea (25);6
Ambos sexos;21067-Santa Ana la Real;Alemania;3
Ambos sexos;21067-Santa Ana la Real;Francia;0
Ambos sexos;21067-Santa Ana la Real;Italia;0
Ambos sexos;21067-Santa Ana la Real;Reino Unido;2
Ambos sexos;21067-Santa Ana la Real;Resto de Europa;0
Ambos sexos;21067-Santa Ana la Real;Bulgaria;0
Ambos sexos;21067-Santa Ana la Real;Rumanía;0
Ambos sexos;21067-Santa Ana la Real;Total Africa;1
Ambos sexos;21067-Santa Ana la Real;Marruecos;1
Ambos sexos;21067-Santa Ana la Real;Total América;1
Ambos sexos;21067-Santa Ana la Real;Argentina;0
Ambos sexos;21067-Santa Ana la Real;Bolivia;0
Ambos sexos;21067-Santa Ana la Real;Colombia;0
Ambos sexos;21067-Santa Ana la Real;Ecuador;0
Ambos sexos;21067-Santa Ana la Real;Perú;0
Ambos sexos;21067-Santa Ana la Real;Total Asia;0
Ambos sexos;21067-Santa Ana la Real;China;0
Ambos sexos;21067-Santa Ana la Real;Oceanía;0
Ambos sexos;21068-Santa Bárbara de Casa;Total Población;1.158
Ambos sexos;21068-Santa Bárbara de Casa;Nacidos en el Extranjero;28
Ambos sexos;21068-Santa Bárbara de Casa;Total Europa;26
Ambos sexos;21068-Santa Bárbara de Casa;Total Unión Europea (25);25
Ambos sexos;21068-Santa Bárbara de Casa;Alemania;0
Ambos sexos;21068-Santa Bárbara de Casa;Francia;1
Ambos sexos;21068-Santa Bárbara de Casa;Italia;1
Ambos sexos;21068-Santa Bárbara de Casa;Reino Unido;0
Ambos sexos;21068-Santa Bárbara de Casa;Resto de Europa;1
Ambos sexos;21068-Santa Bárbara de Casa;Bulgaria;0
Ambos sexos;21068-Santa Bárbara de Casa;Rumanía;0
Ambos sexos;21068-Santa Bárbara de Casa;Total Africa;0
Ambos sexos;21068-Santa Bárbara de Casa;Marruecos;0
Ambos sexos;21068-Santa Bárbara de Casa;Total América;2
Ambos sexos;21068-Santa Bárbara de Casa;Argentina;0
Ambos sexos;21068-Santa Bárbara de Casa;Bolivia;0
Ambos sexos;21068-Santa Bárbara de Casa;Colombia;2
Ambos sexos;21068-Santa Bárbara de Casa;Ecuador;0
Ambos sexos;21068-Santa Bárbara de Casa;Perú;0
Ambos sexos;21068-Santa Bárbara de Casa;Total Asia;0
Ambos sexos;21068-Santa Bárbara de Casa;China;0
Ambos sexos;21068-Santa Bárbara de Casa;Oceanía;0
Ambos sexos;21069-Santa Olalla del Cala;Total Población;2.135
Ambos sexos;21069-Santa Olalla del Cala;Nacidos en el Extranjero;39
Ambos sexos;21069-Santa Olalla del Cala;Total Europa;15
Ambos sexos;21069-Santa Olalla del Cala;Total Unión Europea (25);7
Ambos sexos;21069-Santa Olalla del Cala;Alemania;5
Ambos sexos;21069-Santa Olalla del Cala;Francia;0
Ambos sexos;21069-Santa Olalla del Cala;Italia;0
Ambos sexos;21069-Santa Olalla del Cala;Reino Unido;0
Ambos sexos;21069-Santa Olalla del Cala;Resto de Europa;8
Ambos sexos;21069-Santa Olalla del Cala;Bulgaria;0
Ambos sexos;21069-Santa Olalla del Cala;Rumanía;3
Ambos sexos;21069-Santa Olalla del Cala;Total Africa;5
Ambos sexos;21069-Santa Olalla del Cala;Marruecos;4
Ambos sexos;21069-Santa Olalla del Cala;Total América;19
Ambos sexos;21069-Santa Olalla del Cala;Argentina;0
Ambos sexos;21069-Santa Olalla del Cala;Bolivia;2
Ambos sexos;21069-Santa Olalla del Cala;Colombia;4
Ambos sexos;21069-Santa Olalla del Cala;Ecuador;7
Ambos sexos;21069-Santa Olalla del Cala;Perú;1
Ambos sexos;21069-Santa Olalla del Cala;Total Asia;0
Ambos sexos;21069-Santa Olalla del Cala;China;0
Ambos sexos;21069-Santa Olalla del Cala;Oceanía;0
Ambos sexos;21070-Trigueros;Total Población;7.373
Ambos sexos;21070-Trigueros;Nacidos en el Extranjero;107
Ambos sexos;21070-Trigueros;Total Europa;62
Ambos sexos;21070-Trigueros;Total Unión Europea (25);43
Ambos sexos;21070-Trigueros;Alemania;14
Ambos sexos;21070-Trigueros;Francia;2
Ambos sexos;21070-Trigueros;Italia;4
Ambos sexos;21070-Trigueros;Reino Unido;2
Ambos sexos;21070-Trigueros;Resto de Europa;19
Ambos sexos;21070-Trigueros;Bulgaria;0
Ambos sexos;21070-Trigueros;Rumanía;15
Ambos sexos;21070-Trigueros;Total Africa;16
Ambos sexos;21070-Trigueros;Marruecos;14
Ambos sexos;21070-Trigueros;Total América;27
Ambos sexos;21070-Trigueros;Argentina;2
Ambos sexos;21070-Trigueros;Bolivia;0
Ambos sexos;21070-Trigueros;Colombia;8
Ambos sexos;21070-Trigueros;Ecuador;1
Ambos sexos;21070-Trigueros;Perú;0
Ambos sexos;21070-Trigueros;Total Asia;1
Ambos sexos;21070-Trigueros;China;1
Ambos sexos;21070-Trigueros;Oceanía;1
Ambos sexos;21071-Valdelarco;Total Población;237
Ambos sexos;21071-Valdelarco;Nacidos en el Extranjero;0
Ambos sexos;21071-Valdelarco;Total Europa;0
Ambos sexos;21071-Valdelarco;Total Unión Europea (25);0
Ambos sexos;21071-Valdelarco;Alemania;0
Ambos sexos;21071-Valdelarco;Francia;0
Ambos sexos;21071-Valdelarco;Italia;0
Ambos sexos;21071-Valdelarco;Reino Unido;0
Ambos sexos;21071-Valdelarco;Resto de Europa;0
Ambos sexos;21071-Valdelarco;Bulgaria;0
Ambos sexos;21071-Valdelarco;Rumanía;0
Ambos sexos;21071-Valdelarco;Total Africa;0
Ambos sexos;21071-Valdelarco;Marruecos;0
Ambos sexos;21071-Valdelarco;Total América;0
Ambos sexos;21071-Valdelarco;Argentina;0
Ambos sexos;21071-Valdelarco;Bolivia;0
Ambos sexos;21071-Valdelarco;Colombia;0
Ambos sexos;21071-Valdelarco;Ecuador;0
Ambos sexos;21071-Valdelarco;Perú;0
Ambos sexos;21071-Valdelarco;Total Asia;0
Ambos sexos;21071-Valdelarco;China;0
Ambos sexos;21071-Valdelarco;Oceanía;0
Ambos sexos;21072-Valverde del Camino;Total Población;12.615
Ambos sexos;21072-Valverde del Camino;Nacidos en el Extranjero;270
Ambos sexos;21072-Valverde del Camino;Total Europa;170
Ambos sexos;21072-Valverde del Camino;Total Unión Europea (25);64
Ambos sexos;21072-Valverde del Camino;Alemania;16
Ambos sexos;21072-Valverde del Camino;Francia;9
Ambos sexos;21072-Valverde del Camino;Italia;1
Ambos sexos;21072-Valverde del Camino;Reino Unido;7
Ambos sexos;21072-Valverde del Camino;Resto de Europa;106
Ambos sexos;21072-Valverde del Camino;Bulgaria;0
Ambos sexos;21072-Valverde del Camino;Rumanía;78
Ambos sexos;21072-Valverde del Camino;Total Africa;22
Ambos sexos;21072-Valverde del Camino;Marruecos;17
Ambos sexos;21072-Valverde del Camino;Total América;76
Ambos sexos;21072-Valverde del Camino;Argentina;2
Ambos sexos;21072-Valverde del Camino;Bolivia;4
Ambos sexos;21072-Valverde del Camino;Colombia;11
Ambos sexos;21072-Valverde del Camino;Ecuador;2
Ambos sexos;21072-Valverde del Camino;Perú;2
Ambos sexos;21072-Valverde del Camino;Total Asia;2
Ambos sexos;21072-Valverde del Camino;China;2
Ambos sexos;21072-Valverde del Camino;Oceanía;0
Ambos sexos;21073-Villablanca;Total Población;2.419
Ambos sexos;21073-Villablanca;Nacidos en el Extranjero;316
Ambos sexos;21073-Villablanca;Total Europa;228
Ambos sexos;21073-Villablanca;Total Unión Europea (25);171
Ambos sexos;21073-Villablanca;Alemania;28
Ambos sexos;21073-Villablanca;Francia;2
Ambos sexos;21073-Villablanca;Italia;2
Ambos sexos;21073-Villablanca;Reino Unido;54
Ambos sexos;21073-Villablanca;Resto de Europa;57
Ambos sexos;21073-Villablanca;Bulgaria;21
Ambos sexos;21073-Villablanca;Rumanía;23
Ambos sexos;21073-Villablanca;Total Africa;71
Ambos sexos;21073-Villablanca;Marruecos;45
Ambos sexos;21073-Villablanca;Total América;15
Ambos sexos;21073-Villablanca;Argentina;5
Ambos sexos;21073-Villablanca;Bolivia;0
Ambos sexos;21073-Villablanca;Colombia;2
Ambos sexos;21073-Villablanca;Ecuador;0
Ambos sexos;21073-Villablanca;Perú;0
Ambos sexos;21073-Villablanca;Total Asia;1
Ambos sexos;21073-Villablanca;China;0
Ambos sexos;21073-Villablanca;Oceanía;1
Ambos sexos;21074-Villalba del Alcor;Total Población;3.445
Ambos sexos;21074-Villalba del Alcor;Nacidos en el Extranjero;39
Ambos sexos;21074-Villalba del Alcor;Total Europa;17
Ambos sexos;21074-Villalba del Alcor;Total Unión Europea (25);2
Ambos sexos;21074-Villalba del Alcor;Alemania;1
Ambos sexos;21074-Villalba del Alcor;Francia;0
Ambos sexos;21074-Villalba del Alcor;Italia;0
Ambos sexos;21074-Villalba del Alcor;Reino Unido;0
Ambos sexos;21074-Villalba del Alcor;Resto de Europa;15
Ambos sexos;21074-Villalba del Alcor;Bulgaria;0
Ambos sexos;21074-Villalba del Alcor;Rumanía;15
Ambos sexos;21074-Villalba del Alcor;Total Africa;14
Ambos sexos;21074-Villalba del Alcor;Marruecos;14
Ambos sexos;21074-Villalba del Alcor;Total América;8
Ambos sexos;21074-Villalba del Alcor;Argentina;0
Ambos sexos;21074-Villalba del Alcor;Bolivia;1
Ambos sexos;21074-Villalba del Alcor;Colombia;0
Ambos sexos;21074-Villalba del Alcor;Ecuador;0
Ambos sexos;21074-Villalba del Alcor;Perú;2
Ambos sexos;21074-Villalba del Alcor;Total Asia;0
Ambos sexos;21074-Villalba del Alcor;China;0
Ambos sexos;21074-Villalba del Alcor;Oceanía;0
Ambos sexos;21075-Villanueva de las Cruces;Total Población;409
Ambos sexos;21075-Villanueva de las Cruces;Nacidos en el Extranjero;4
Ambos sexos;21075-Villanueva de las Cruces;Total Europa;3
Ambos sexos;21075-Villanueva de las Cruces;Total Unión Europea (25);3
Ambos sexos;21075-Villanueva de las Cruces;Alemania;2
Ambos sexos;21075-Villanueva de las Cruces;Francia;0
Ambos sexos;21075-Villanueva de las Cruces;Italia;0
Ambos sexos;21075-Villanueva de las Cruces;Reino Unido;0
Ambos sexos;21075-Villanueva de las Cruces;Resto de Europa;0
Ambos sexos;21075-Villanueva de las Cruces;Bulgaria;0
Ambos sexos;21075-Villanueva de las Cruces;Rumanía;0
Ambos sexos;21075-Villanueva de las Cruces;Total Africa;1
Ambos sexos;21075-Villanueva de las Cruces;Marruecos;1
Ambos sexos;21075-Villanueva de las Cruces;Total América;0
Ambos sexos;21075-Villanueva de las Cruces;Argentina;0
Ambos sexos;21075-Villanueva de las Cruces;Bolivia;0
Ambos sexos;21075-Villanueva de las Cruces;Colombia;0
Ambos sexos;21075-Villanueva de las Cruces;Ecuador;0
Ambos sexos;21075-Villanueva de las Cruces;Perú;0
Ambos sexos;21075-Villanueva de las Cruces;Total Asia;0
Ambos sexos;21075-Villanueva de las Cruces;China;0
Ambos sexos;21075-Villanueva de las Cruces;Oceanía;0
Ambos sexos;21076-Villanueva de los Castillejos;Total Población;2.768
Ambos sexos;21076-Villanueva de los Castillejos;Nacidos en el Extranjero;278
Ambos sexos;21076-Villanueva de los Castillejos;Total Europa;216
Ambos sexos;21076-Villanueva de los Castillejos;Total Unión Europea (25);150
Ambos sexos;21076-Villanueva de los Castillejos;Alemania;55
Ambos sexos;21076-Villanueva de los Castillejos;Francia;18
Ambos sexos;21076-Villanueva de los Castillejos;Italia;2
Ambos sexos;21076-Villanueva de los Castillejos;Reino Unido;0
Ambos sexos;21076-Villanueva de los Castillejos;Resto de Europa;66
Ambos sexos;21076-Villanueva de los Castillejos;Bulgaria;4
Ambos sexos;21076-Villanueva de los Castillejos;Rumanía;29
Ambos sexos;21076-Villanueva de los Castillejos;Total Africa;23
Ambos sexos;21076-Villanueva de los Castillejos;Marruecos;11
Ambos sexos;21076-Villanueva de los Castillejos;Total América;37
Ambos sexos;21076-Villanueva de los Castillejos;Argentina;0
Ambos sexos;21076-Villanueva de los Castillejos;Bolivia;0
Ambos sexos;21076-Villanueva de los Castillejos;Colombia;24
Ambos sexos;21076-Villanueva de los Castillejos;Ecuador;7
Ambos sexos;21076-Villanueva de los Castillejos;Perú;0
Ambos sexos;21076-Villanueva de los Castillejos;Total Asia;2
Ambos sexos;21076-Villanueva de los Castillejos;China;0
Ambos sexos;21076-Villanueva de los Castillejos;Oceanía;0
Ambos sexos;21077-Villarrasa;Total Población;2.121
Ambos sexos;21077-Villarrasa;Nacidos en el Extranjero;51
Ambos sexos;21077-Villarrasa;Total Europa;30
Ambos sexos;21077-Villarrasa;Total Unión Europea (25);17
Ambos sexos;21077-Villarrasa;Alemania;1
Ambos sexos;21077-Villarrasa;Francia;0
Ambos sexos;21077-Villarrasa;Italia;0
Ambos sexos;21077-Villarrasa;Reino Unido;12
Ambos sexos;21077-Villarrasa;Resto de Europa;13
Ambos sexos;21077-Villarrasa;Bulgaria;0
Ambos sexos;21077-Villarrasa;Rumanía;13
Ambos sexos;21077-Villarrasa;Total Africa;15
Ambos sexos;21077-Villarrasa;Marruecos;11
Ambos sexos;21077-Villarrasa;Total América;6
Ambos sexos;21077-Villarrasa;Argentina;4
Ambos sexos;21077-Villarrasa;Bolivia;0
Ambos sexos;21077-Villarrasa;Colombia;0
Ambos sexos;21077-Villarrasa;Ecuador;0
Ambos sexos;21077-Villarrasa;Perú;1
Ambos sexos;21077-Villarrasa;Total Asia;0
Ambos sexos;21077-Villarrasa;China;0
Ambos sexos;21077-Villarrasa;Oceanía;0
Ambos sexos;21078-Zalamea la Real;Total Población;3.516
Ambos sexos;21078-Zalamea la Real;Nacidos en el Extranjero;84
Ambos sexos;21078-Zalamea la Real;Total Europa;70
Ambos sexos;21078-Zalamea la Real;Total Unión Europea (25);31
Ambos sexos;21078-Zalamea la Real;Alemania;7
Ambos sexos;21078-Zalamea la Real;Francia;8
Ambos sexos;21078-Zalamea la Real;Italia;1
Ambos sexos;21078-Zalamea la Real;Reino Unido;2
Ambos sexos;21078-Zalamea la Real;Resto de Europa;39
Ambos sexos;21078-Zalamea la Real;Bulgaria;5
Ambos sexos;21078-Zalamea la Real;Rumanía;33
Ambos sexos;21078-Zalamea la Real;Total Africa;5
Ambos sexos;21078-Zalamea la Real;Marruecos;2
Ambos sexos;21078-Zalamea la Real;Total América;9
Ambos sexos;21078-Zalamea la Real;Argentina;0
Ambos sexos;21078-Zalamea la Real;Bolivia;0
Ambos sexos;21078-Zalamea la Real;Colombia;6
Ambos sexos;21078-Zalamea la Real;Ecuador;0
Ambos sexos;21078-Zalamea la Real;Perú;0
Ambos sexos;21078-Zalamea la Real;Total Asia;0
Ambos sexos;21078-Zalamea la Real;China;0
Ambos sexos;21078-Zalamea la Real;Oceanía;0
Ambos sexos;21079-Zufre;Total Población;995
Ambos sexos;21079-Zufre;Nacidos en el Extranjero;70
Ambos sexos;21079-Zufre;Total Europa;59
Ambos sexos;21079-Zufre;Total Unión Europea (25);9
Ambos sexos;21079-Zufre;Alemania;2
Ambos sexos;21079-Zufre;Francia;1
Ambos sexos;21079-Zufre;Italia;0
Ambos sexos;21079-Zufre;Reino Unido;3
Ambos sexos;21079-Zufre;Resto de Europa;50
Ambos sexos;21079-Zufre;Bulgaria;0
Ambos sexos;21079-Zufre;Rumanía;45
Ambos sexos;21079-Zufre;Total Africa;0
Ambos sexos;21079-Zufre;Marruecos;0
Ambos sexos;21079-Zufre;Total América;10
Ambos sexos;21079-Zufre;Argentina;0
Ambos sexos;21079-Zufre;Bolivia;9
Ambos sexos;21079-Zufre;Colombia;0
Ambos sexos;21079-Zufre;Ecuador;1
Ambos sexos;21079-Zufre;Perú;0
Ambos sexos;21079-Zufre;Total Asia;1
Ambos sexos;21079-Zufre;China;0
Ambos sexos;21079-Zufre;Oceanía;0
