Municipios;Sexo;Periodo;Total
21001 Alájar;Total;2019;756
21001 Alájar;Total;2018;763
21001 Alájar;Total;2017;777
21001 Alájar;Total;2016;814
21001 Alájar;Total;2015;813
21001 Alájar;Total;2014;798
21001 Alájar;Total;2013;805
21001 Alájar;Total;2012;803
21001 Alájar;Total;2011;798
21001 Alájar;Total;2010;806
21001 Alájar;Total;2009;808
21001 Alájar;Total;2008;802
21001 Alájar;Total;2007;811
21001 Alájar;Total;2006;821
21001 Alájar;Total;2005;771
21001 Alájar;Total;2004;750
21001 Alájar;Total;2003;769
21001 Alájar;Total;2002;781
21001 Alájar;Total;2001;789
21001 Alájar;Total;2000;776
21001 Alájar;Total;1999;794
21001 Alájar;Total;1998;774
21002 Aljaraque;Total;2019;21260
21002 Aljaraque;Total;2018;21054
21002 Aljaraque;Total;2017;20836
21002 Aljaraque;Total;2016;20745
21002 Aljaraque;Total;2015;20357
21002 Aljaraque;Total;2014;19857
21002 Aljaraque;Total;2013;19492
21002 Aljaraque;Total;2012;19245
21002 Aljaraque;Total;2011;18937
21002 Aljaraque;Total;2010;18443
21002 Aljaraque;Total;2009;17960
21002 Aljaraque;Total;2008;17194
21002 Aljaraque;Total;2007;16368
21002 Aljaraque;Total;2006;15617
21002 Aljaraque;Total;2005;14846
21002 Aljaraque;Total;2004;14060
21002 Aljaraque;Total;2003;13009
21002 Aljaraque;Total;2002;12303
21002 Aljaraque;Total;2001;11626
21002 Aljaraque;Total;2000;10806
21002 Aljaraque;Total;1999;10298
21002 Aljaraque;Total;1998;9743
21003 El Almendro;Total;2019;826
21003 El Almendro;Total;2018;837
21003 El Almendro;Total;2017;839
21003 El Almendro;Total;2016;838
21003 El Almendro;Total;2015;829
21003 El Almendro;Total;2014;846
21003 El Almendro;Total;2013;847
21003 El Almendro;Total;2012;859
21003 El Almendro;Total;2011;870
21003 El Almendro;Total;2010;879
21003 El Almendro;Total;2009;867
21003 El Almendro;Total;2008;860
21003 El Almendro;Total;2007;845
21003 El Almendro;Total;2006;847
21003 El Almendro;Total;2005;831
21003 El Almendro;Total;2004;834
21003 El Almendro;Total;2003;841
21003 El Almendro;Total;2002;823
21003 El Almendro;Total;2001;851
21003 El Almendro;Total;2000;864
21003 El Almendro;Total;1999;874
21003 El Almendro;Total;1998;880
21004 Almonaster la Real;Total;2019;1819
21004 Almonaster la Real;Total;2018;1837
21004 Almonaster la Real;Total;2017;1848
21004 Almonaster la Real;Total;2016;1891
21004 Almonaster la Real;Total;2015;1861
21004 Almonaster la Real;Total;2014;1863
21004 Almonaster la Real;Total;2013;1809
21004 Almonaster la Real;Total;2012;1824
21004 Almonaster la Real;Total;2011;1849
21004 Almonaster la Real;Total;2010;1833
21004 Almonaster la Real;Total;2009;1848
21004 Almonaster la Real;Total;2008;1849
21004 Almonaster la Real;Total;2007;1831
21004 Almonaster la Real;Total;2006;1860
21004 Almonaster la Real;Total;2005;1805
21004 Almonaster la Real;Total;2004;1858
21004 Almonaster la Real;Total;2003;1879
21004 Almonaster la Real;Total;2002;1898
21004 Almonaster la Real;Total;2001;1938
21004 Almonaster la Real;Total;2000;1963
21004 Almonaster la Real;Total;1999;2011
21004 Almonaster la Real;Total;1998;2016
21005 Almonte;Total;2019;24191
21005 Almonte;Total;2018;24013
21005 Almonte;Total;2017;23272
21005 Almonte;Total;2016;23223
21005 Almonte;Total;2015;23254
21005 Almonte;Total;2014;23046
21005 Almonte;Total;2013;22964
21005 Almonte;Total;2012;22609
21005 Almonte;Total;2011;22525
21005 Almonte;Total;2010;22204
21005 Almonte;Total;2009;21782
21005 Almonte;Total;2008;21452
21005 Almonte;Total;2007;20726
21005 Almonte;Total;2006;20224
21005 Almonte;Total;2005;19641
21005 Almonte;Total;2004;19191
21005 Almonte;Total;2003;18446
21005 Almonte;Total;2002;18151
21005 Almonte;Total;2001;17687
21005 Almonte;Total;2000;17444
21005 Almonte;Total;1999;17202
21005 Almonte;Total;1998;16902
21006 Alosno;Total;2019;3923
21006 Alosno;Total;2018;3942
21006 Alosno;Total;2017;3954
21006 Alosno;Total;2016;3995
21006 Alosno;Total;2015;4038
21006 Alosno;Total;2014;4103
21006 Alosno;Total;2013;4152
21006 Alosno;Total;2012;4231
21006 Alosno;Total;2011;4285
21006 Alosno;Total;2010;4386
21006 Alosno;Total;2009;4381
21006 Alosno;Total;2008;4424
21006 Alosno;Total;2007;4409
21006 Alosno;Total;2006;4478
21006 Alosno;Total;2005;4514
21006 Alosno;Total;2004;4419
21006 Alosno;Total;2003;4514
21006 Alosno;Total;2002;4670
21006 Alosno;Total;2001;4792
21006 Alosno;Total;2000;4834
21006 Alosno;Total;1999;4843
21006 Alosno;Total;1998;4861
21007 Aracena;Total;2019;8107
21007 Aracena;Total;2018;8040
21007 Aracena;Total;2017;8048
21007 Aracena;Total;2016;7929
21007 Aracena;Total;2015;7972
21007 Aracena;Total;2014;7859
21007 Aracena;Total;2013;7900
21007 Aracena;Total;2012;7814
21007 Aracena;Total;2011;7812
21007 Aracena;Total;2010;7739
21007 Aracena;Total;2009;7612
21007 Aracena;Total;2008;7468
21007 Aracena;Total;2007;7351
21007 Aracena;Total;2006;7228
21007 Aracena;Total;2005;7152
21007 Aracena;Total;2004;6979
21007 Aracena;Total;2003;6939
21007 Aracena;Total;2002;6720
21007 Aracena;Total;2001;6672
21007 Aracena;Total;2000;6756
21007 Aracena;Total;1999;6672
21007 Aracena;Total;1998;6683
21008 Aroche;Total;2019;3073
21008 Aroche;Total;2018;3109
21008 Aroche;Total;2017;3131
21008 Aroche;Total;2016;3157
21008 Aroche;Total;2015;3183
21008 Aroche;Total;2014;3205
21008 Aroche;Total;2013;3233
21008 Aroche;Total;2012;3258
21008 Aroche;Total;2011;3282
21008 Aroche;Total;2010;3206
21008 Aroche;Total;2009;3113
21008 Aroche;Total;2008;3214
21008 Aroche;Total;2007;3306
21008 Aroche;Total;2006;3211
21008 Aroche;Total;2005;3319
21008 Aroche;Total;2004;3360
21008 Aroche;Total;2003;3396
21008 Aroche;Total;2002;3384
21008 Aroche;Total;2001;3446
21008 Aroche;Total;2000;3503
21008 Aroche;Total;1999;3517
21008 Aroche;Total;1998;3542
21009 Arroyomolinos de León;Total;2019;953
21009 Arroyomolinos de León;Total;2018;965
21009 Arroyomolinos de León;Total;2017;981
21009 Arroyomolinos de León;Total;2016;983
21009 Arroyomolinos de León;Total;2015;1018
21009 Arroyomolinos de León;Total;2014;998
21009 Arroyomolinos de León;Total;2013;1023
21009 Arroyomolinos de León;Total;2012;1009
21009 Arroyomolinos de León;Total;2011;1031
21009 Arroyomolinos de León;Total;2010;1055
21009 Arroyomolinos de León;Total;2009;1040
21009 Arroyomolinos de León;Total;2008;1056
21009 Arroyomolinos de León;Total;2007;1042
21009 Arroyomolinos de León;Total;2006;1061
21009 Arroyomolinos de León;Total;2005;1078
21009 Arroyomolinos de León;Total;2004;1105
21009 Arroyomolinos de León;Total;2003;1117
21009 Arroyomolinos de León;Total;2002;1127
21009 Arroyomolinos de León;Total;2001;1135
21009 Arroyomolinos de León;Total;2000;1157
21009 Arroyomolinos de León;Total;1999;1174
21009 Arroyomolinos de León;Total;1998;1163
21010 Ayamonte;Total;2019;20946
21010 Ayamonte;Total;2018;20883
21010 Ayamonte;Total;2017;20714
21010 Ayamonte;Total;2016;20629
21010 Ayamonte;Total;2015;20357
21010 Ayamonte;Total;2014;19690
21010 Ayamonte;Total;2013;20406
21010 Ayamonte;Total;2012;20968
21010 Ayamonte;Total;2011;20763
21010 Ayamonte;Total;2010;20597
21010 Ayamonte;Total;2009;20334
21010 Ayamonte;Total;2008;19738
21010 Ayamonte;Total;2007;19380
21010 Ayamonte;Total;2006;18636
21010 Ayamonte;Total;2005;18001
21010 Ayamonte;Total;2004;17623
21010 Ayamonte;Total;2003;17402
21010 Ayamonte;Total;2002;17292
21010 Ayamonte;Total;2001;17084
21010 Ayamonte;Total;2000;16939
21010 Ayamonte;Total;1999;16980
21010 Ayamonte;Total;1998;16891
21011 Beas;Total;2019;4257
21011 Beas;Total;2018;4236
21011 Beas;Total;2017;4238
21011 Beas;Total;2016;4272
21011 Beas;Total;2015;4304
21011 Beas;Total;2014;4190
21011 Beas;Total;2013;4336
21011 Beas;Total;2012;4321
21011 Beas;Total;2011;4353
21011 Beas;Total;2010;4336
21011 Beas;Total;2009;4293
21011 Beas;Total;2008;4320
21011 Beas;Total;2007;4270
21011 Beas;Total;2006;4210
21011 Beas;Total;2005;4162
21011 Beas;Total;2004;4139
21011 Beas;Total;2003;4036
21011 Beas;Total;2002;4023
21011 Beas;Total;2001;4085
21011 Beas;Total;2000;4124
21011 Beas;Total;1999;4165
21011 Beas;Total;1998;4165
21012 Berrocal;Total;2019;312
21012 Berrocal;Total;2018;319
21012 Berrocal;Total;2017;330
21012 Berrocal;Total;2016;331
21012 Berrocal;Total;2015;345
21012 Berrocal;Total;2014;329
21012 Berrocal;Total;2013;300
21012 Berrocal;Total;2012;337
21012 Berrocal;Total;2011;349
21012 Berrocal;Total;2010;358
21012 Berrocal;Total;2009;375
21012 Berrocal;Total;2008;376
21012 Berrocal;Total;2007;380
21012 Berrocal;Total;2006;377
21012 Berrocal;Total;2005;371
21012 Berrocal;Total;2004;371
21012 Berrocal;Total;2003;374
21012 Berrocal;Total;2002;378
21012 Berrocal;Total;2001;394
21012 Berrocal;Total;2000;409
21012 Berrocal;Total;1999;412
21012 Berrocal;Total;1998;416
21013 Bollullos Par del Condado;Total;2019;14272
21013 Bollullos Par del Condado;Total;2018;14414
21013 Bollullos Par del Condado;Total;2017;14095
21013 Bollullos Par del Condado;Total;2016;14177
21013 Bollullos Par del Condado;Total;2015;14324
21013 Bollullos Par del Condado;Total;2014;14393
21013 Bollullos Par del Condado;Total;2013;14394
21013 Bollullos Par del Condado;Total;2012;14210
21013 Bollullos Par del Condado;Total;2011;14055
21013 Bollullos Par del Condado;Total;2010;13959
21013 Bollullos Par del Condado;Total;2009;13891
21013 Bollullos Par del Condado;Total;2008;13906
21013 Bollullos Par del Condado;Total;2007;13737
21013 Bollullos Par del Condado;Total;2006;13500
21013 Bollullos Par del Condado;Total;2005;13335
21013 Bollullos Par del Condado;Total;2004;13143
21013 Bollullos Par del Condado;Total;2003;13041
21013 Bollullos Par del Condado;Total;2002;12965
21013 Bollullos Par del Condado;Total;2001;12872
21013 Bollullos Par del Condado;Total;2000;12822
21013 Bollullos Par del Condado;Total;1999;12727
21013 Bollullos Par del Condado;Total;1998;12634
21014 Bonares;Total;2019;6058
21014 Bonares;Total;2018;6060
21014 Bonares;Total;2017;6025
21014 Bonares;Total;2016;6021
21014 Bonares;Total;2015;6090
21014 Bonares;Total;2014;6244
21014 Bonares;Total;2013;6282
21014 Bonares;Total;2012;6194
21014 Bonares;Total;2011;6189
21014 Bonares;Total;2010;6145
21014 Bonares;Total;2009;6015
21014 Bonares;Total;2008;5762
21014 Bonares;Total;2007;5602
21014 Bonares;Total;2006;5493
21014 Bonares;Total;2005;5310
21014 Bonares;Total;2004;5267
21014 Bonares;Total;2003;5295
21014 Bonares;Total;2002;5271
21014 Bonares;Total;2001;5233
21014 Bonares;Total;2000;5122
21014 Bonares;Total;1999;5063
21014 Bonares;Total;1998;5056
21015 Cabezas Rubias;Total;2019;730
21015 Cabezas Rubias;Total;2018;741
21015 Cabezas Rubias;Total;2017;734
21015 Cabezas Rubias;Total;2016;731
21015 Cabezas Rubias;Total;2015;744
21015 Cabezas Rubias;Total;2014;760
21015 Cabezas Rubias;Total;2013;781
21015 Cabezas Rubias;Total;2012;811
21015 Cabezas Rubias;Total;2011;847
21015 Cabezas Rubias;Total;2010;869
21015 Cabezas Rubias;Total;2009;865
21015 Cabezas Rubias;Total;2008;851
21015 Cabezas Rubias;Total;2007;859
21015 Cabezas Rubias;Total;2006;858
21015 Cabezas Rubias;Total;2005;873
21015 Cabezas Rubias;Total;2004;899
21015 Cabezas Rubias;Total;2003;935
21015 Cabezas Rubias;Total;2002;929
21015 Cabezas Rubias;Total;2001;956
21015 Cabezas Rubias;Total;2000;962
21015 Cabezas Rubias;Total;1999;969
21015 Cabezas Rubias;Total;1998;973
21016 Cala;Total;2019;1167
21016 Cala;Total;2018;1184
21016 Cala;Total;2017;1202
21016 Cala;Total;2016;1236
21016 Cala;Total;2015;1252
21016 Cala;Total;2014;1244
21016 Cala;Total;2013;1264
21016 Cala;Total;2012;1289
21016 Cala;Total;2011;1302
21016 Cala;Total;2010;1326
21016 Cala;Total;2009;1327
21016 Cala;Total;2008;1310
21016 Cala;Total;2007;1287
21016 Cala;Total;2006;1308
21016 Cala;Total;2005;1324
21016 Cala;Total;2004;1315
21016 Cala;Total;2003;1344
21016 Cala;Total;2002;1356
21016 Cala;Total;2001;1404
21016 Cala;Total;2000;1414
21016 Cala;Total;1999;1457
21016 Cala;Total;1998;1450
21017 Calañas;Total;2019;2791
21017 Calañas;Total;2018;4077
21017 Calañas;Total;2017;4099
21017 Calañas;Total;2016;4225
21017 Calañas;Total;2015;4238
21017 Calañas;Total;2014;4167
21017 Calañas;Total;2013;4165
21017 Calañas;Total;2012;4159
21017 Calañas;Total;2011;4187
21017 Calañas;Total;2010;4284
21017 Calañas;Total;2009;4285
21017 Calañas;Total;2008;4337
21017 Calañas;Total;2007;4355
21017 Calañas;Total;2006;4400
21017 Calañas;Total;2005;4478
21017 Calañas;Total;2004;4534
21017 Calañas;Total;2003;4553
21017 Calañas;Total;2002;4619
21017 Calañas;Total;2001;4646
21017 Calañas;Total;2000;4725
21017 Calañas;Total;1999;4873
21017 Calañas;Total;1998;4928
21018 El Campillo;Total;2019;2023
21018 El Campillo;Total;2018;2036
21018 El Campillo;Total;2017;2043
21018 El Campillo;Total;2016;2072
21018 El Campillo;Total;2015;2122
21018 El Campillo;Total;2014;2144
21018 El Campillo;Total;2013;2169
21018 El Campillo;Total;2012;2202
21018 El Campillo;Total;2011;2208
21018 El Campillo;Total;2010;2194
21018 El Campillo;Total;2009;2220
21018 El Campillo;Total;2008;2258
21018 El Campillo;Total;2007;2237
21018 El Campillo;Total;2006;2276
21018 El Campillo;Total;2005;2318
21018 El Campillo;Total;2004;2293
21018 El Campillo;Total;2003;2335
21018 El Campillo;Total;2002;2398
21018 El Campillo;Total;2001;2402
21018 El Campillo;Total;2000;2430
21018 El Campillo;Total;1999;2424
21018 El Campillo;Total;1998;2446
21019 Campofrío;Total;2019;675
21019 Campofrío;Total;2018;702
21019 Campofrío;Total;2017;683
21019 Campofrío;Total;2016;708
21019 Campofrío;Total;2015;643
21019 Campofrío;Total;2014;673
21019 Campofrío;Total;2013;708
21019 Campofrío;Total;2012;785
21019 Campofrío;Total;2011;811
21019 Campofrío;Total;2010;773
21019 Campofrío;Total;2009;808
21019 Campofrío;Total;2008;818
21019 Campofrío;Total;2007;799
21019 Campofrío;Total;2006;772
21019 Campofrío;Total;2005;810
21019 Campofrío;Total;2004;832
21019 Campofrío;Total;2003;845
21019 Campofrío;Total;2002;834
21019 Campofrío;Total;2001;832
21019 Campofrío;Total;2000;844
21019 Campofrío;Total;1999;861
21019 Campofrío;Total;1998;866
21020 Cañaveral de León;Total;2019;403
21020 Cañaveral de León;Total;2018;411
21020 Cañaveral de León;Total;2017;420
21020 Cañaveral de León;Total;2016;410
21020 Cañaveral de León;Total;2015;409
21020 Cañaveral de León;Total;2014;416
21020 Cañaveral de León;Total;2013;426
21020 Cañaveral de León;Total;2012;459
21020 Cañaveral de León;Total;2011;441
21020 Cañaveral de León;Total;2010;412
21020 Cañaveral de León;Total;2009;428
21020 Cañaveral de León;Total;2008;439
21020 Cañaveral de León;Total;2007;409
21020 Cañaveral de León;Total;2006;412
21020 Cañaveral de León;Total;2005;419
21020 Cañaveral de León;Total;2004;434
21020 Cañaveral de León;Total;2003;464
21020 Cañaveral de León;Total;2002;474
21020 Cañaveral de León;Total;2001;489
21020 Cañaveral de León;Total;2000;501
21020 Cañaveral de León;Total;1999;515
21020 Cañaveral de León;Total;1998;514
21021 Cartaya;Total;2019;19974
21021 Cartaya;Total;2018;19433
21021 Cartaya;Total;2017;19193
21021 Cartaya;Total;2016;19094
21021 Cartaya;Total;2015;19164
21021 Cartaya;Total;2014;19168
21021 Cartaya;Total;2013;19323
21021 Cartaya;Total;2012;19185
21021 Cartaya;Total;2011;19044
21021 Cartaya;Total;2010;18415
21021 Cartaya;Total;2009;17905
21021 Cartaya;Total;2008;17424
21021 Cartaya;Total;2007;16589
21021 Cartaya;Total;2006;16042
21021 Cartaya;Total;2005;15480
21021 Cartaya;Total;2004;14767
21021 Cartaya;Total;2003;14106
21021 Cartaya;Total;2002;13678
21021 Cartaya;Total;2001;12970
21021 Cartaya;Total;2000;12584
21021 Cartaya;Total;1999;12094
21021 Cartaya;Total;1998;11809
21022 Castaño del Robledo;Total;2019;223
21022 Castaño del Robledo;Total;2018;209
21022 Castaño del Robledo;Total;2017;209
21022 Castaño del Robledo;Total;2016;206
21022 Castaño del Robledo;Total;2015;211
21022 Castaño del Robledo;Total;2014;211
21022 Castaño del Robledo;Total;2013;209
21022 Castaño del Robledo;Total;2012;213
21022 Castaño del Robledo;Total;2011;214
21022 Castaño del Robledo;Total;2010;215
21022 Castaño del Robledo;Total;2009;224
21022 Castaño del Robledo;Total;2008;222
21022 Castaño del Robledo;Total;2007;216
21022 Castaño del Robledo;Total;2006;214
21022 Castaño del Robledo;Total;2005;205
21022 Castaño del Robledo;Total;2004;201
21022 Castaño del Robledo;Total;2003;192
21022 Castaño del Robledo;Total;2002;199
21022 Castaño del Robledo;Total;2001;200
21022 Castaño del Robledo;Total;2000;200
21022 Castaño del Robledo;Total;1999;207
21022 Castaño del Robledo;Total;1998;207
21023 El Cerro de Andévalo;Total;2019;2364
21023 El Cerro de Andévalo;Total;2018;2389
21023 El Cerro de Andévalo;Total;2017;2409
21023 El Cerro de Andévalo;Total;2016;2454
21023 El Cerro de Andévalo;Total;2015;2495
21023 El Cerro de Andévalo;Total;2014;2460
21023 El Cerro de Andévalo;Total;2013;2400
21023 El Cerro de Andévalo;Total;2012;2417
21023 El Cerro de Andévalo;Total;2011;2439
21023 El Cerro de Andévalo;Total;2010;2483
21023 El Cerro de Andévalo;Total;2009;2479
21023 El Cerro de Andévalo;Total;2008;2503
21023 El Cerro de Andévalo;Total;2007;2522
21023 El Cerro de Andévalo;Total;2006;2581
21023 El Cerro de Andévalo;Total;2005;2636
21023 El Cerro de Andévalo;Total;2004;2668
21023 El Cerro de Andévalo;Total;2003;2700
21023 El Cerro de Andévalo;Total;2002;2706
21023 El Cerro de Andévalo;Total;2001;2719
21023 El Cerro de Andévalo;Total;2000;2741
21023 El Cerro de Andévalo;Total;1999;2760
21023 El Cerro de Andévalo;Total;1998;2762
21030 Chucena;Total;2019;2222
21030 Chucena;Total;2018;2232
21030 Chucena;Total;2017;2256
21030 Chucena;Total;2016;2142
21030 Chucena;Total;2015;2122
21030 Chucena;Total;2014;2020
21030 Chucena;Total;2013;2057
21030 Chucena;Total;2012;2176
21030 Chucena;Total;2011;2148
21030 Chucena;Total;2010;2130
21030 Chucena;Total;2009;2124
21030 Chucena;Total;2008;2097
21030 Chucena;Total;2007;2043
21030 Chucena;Total;2006;2054
21030 Chucena;Total;2005;2044
21030 Chucena;Total;2004;1996
21030 Chucena;Total;2003;2005
21030 Chucena;Total;2002;1967
21030 Chucena;Total;2001;1931
21030 Chucena;Total;2000;1964
21030 Chucena;Total;1999;1980
21030 Chucena;Total;1998;1943
21024 Corteconcepción;Total;2019;548
21024 Corteconcepción;Total;2018;543
21024 Corteconcepción;Total;2017;548
21024 Corteconcepción;Total;2016;547
21024 Corteconcepción;Total;2015;552
21024 Corteconcepción;Total;2014;556
21024 Corteconcepción;Total;2013;550
21024 Corteconcepción;Total;2012;597
21024 Corteconcepción;Total;2011;608
21024 Corteconcepción;Total;2010;607
21024 Corteconcepción;Total;2009;607
21024 Corteconcepción;Total;2008;615
21024 Corteconcepción;Total;2007;615
21024 Corteconcepción;Total;2006;615
21024 Corteconcepción;Total;2005;620
21024 Corteconcepción;Total;2004;633
21024 Corteconcepción;Total;2003;632
21024 Corteconcepción;Total;2002;671
21024 Corteconcepción;Total;2001;678
21024 Corteconcepción;Total;2000;672
21024 Corteconcepción;Total;1999;703
21024 Corteconcepción;Total;1998;680
21025 Cortegana;Total;2019;4666
21025 Cortegana;Total;2018;4735
21025 Cortegana;Total;2017;4812
21025 Cortegana;Total;2016;4853
21025 Cortegana;Total;2015;4931
21025 Cortegana;Total;2014;5025
21025 Cortegana;Total;2013;4898
21025 Cortegana;Total;2012;4914
21025 Cortegana;Total;2011;4896
21025 Cortegana;Total;2010;4939
21025 Cortegana;Total;2009;4965
21025 Cortegana;Total;2008;5026
21025 Cortegana;Total;2007;4977
21025 Cortegana;Total;2006;5039
21025 Cortegana;Total;2005;4952
21025 Cortegana;Total;2004;4988
21025 Cortegana;Total;2003;5005
21025 Cortegana;Total;2002;5013
21025 Cortegana;Total;2001;5075
21025 Cortegana;Total;2000;5084
21025 Cortegana;Total;1999;5132
21025 Cortegana;Total;1998;5137
21026 Cortelazor;Total;2019;299
21026 Cortelazor;Total;2018;305
21026 Cortelazor;Total;2017;304
21026 Cortelazor;Total;2016;302
21026 Cortelazor;Total;2015;283
21026 Cortelazor;Total;2014;289
21026 Cortelazor;Total;2013;277
21026 Cortelazor;Total;2012;290
21026 Cortelazor;Total;2011;301
21026 Cortelazor;Total;2010;300
21026 Cortelazor;Total;2009;313
21026 Cortelazor;Total;2008;311
21026 Cortelazor;Total;2007;295
21026 Cortelazor;Total;2006;270
21026 Cortelazor;Total;2005;289
21026 Cortelazor;Total;2004;301
21026 Cortelazor;Total;2003;314
21026 Cortelazor;Total;2002;302
21026 Cortelazor;Total;2001;312
21026 Cortelazor;Total;2000;317
21026 Cortelazor;Total;1999;327
21026 Cortelazor;Total;1998;326
21027 Cumbres de Enmedio;Total;2019;56
21027 Cumbres de Enmedio;Total;2018;57
21027 Cumbres de Enmedio;Total;2017;52
21027 Cumbres de Enmedio;Total;2016;50
21027 Cumbres de Enmedio;Total;2015;54
21027 Cumbres de Enmedio;Total;2014;48
21027 Cumbres de Enmedio;Total;2013;52
21027 Cumbres de Enmedio;Total;2012;65
21027 Cumbres de Enmedio;Total;2011;65
21027 Cumbres de Enmedio;Total;2010;50
21027 Cumbres de Enmedio;Total;2009;52
21027 Cumbres de Enmedio;Total;2008;58
21027 Cumbres de Enmedio;Total;2007;50
21027 Cumbres de Enmedio;Total;2006;44
21027 Cumbres de Enmedio;Total;2005;47
21027 Cumbres de Enmedio;Total;2004;48
21027 Cumbres de Enmedio;Total;2003;50
21027 Cumbres de Enmedio;Total;2002;58
21027 Cumbres de Enmedio;Total;2001;61
21027 Cumbres de Enmedio;Total;2000;62
21027 Cumbres de Enmedio;Total;1999;63
21027 Cumbres de Enmedio;Total;1998;63
21028 Cumbres de San Bartolomé;Total;2019;381
21028 Cumbres de San Bartolomé;Total;2018;373
21028 Cumbres de San Bartolomé;Total;2017;388
21028 Cumbres de San Bartolomé;Total;2016;404
21028 Cumbres de San Bartolomé;Total;2015;421
21028 Cumbres de San Bartolomé;Total;2014;426
21028 Cumbres de San Bartolomé;Total;2013;437
21028 Cumbres de San Bartolomé;Total;2012;435
21028 Cumbres de San Bartolomé;Total;2011;453
21028 Cumbres de San Bartolomé;Total;2010;459
21028 Cumbres de San Bartolomé;Total;2009;463
21028 Cumbres de San Bartolomé;Total;2008;465
21028 Cumbres de San Bartolomé;Total;2007;485
21028 Cumbres de San Bartolomé;Total;2006;490
21028 Cumbres de San Bartolomé;Total;2005;500
21028 Cumbres de San Bartolomé;Total;2004;523
21028 Cumbres de San Bartolomé;Total;2003;541
21028 Cumbres de San Bartolomé;Total;2002;553
21028 Cumbres de San Bartolomé;Total;2001;557
21028 Cumbres de San Bartolomé;Total;2000;575
21028 Cumbres de San Bartolomé;Total;1999;572
21028 Cumbres de San Bartolomé;Total;1998;575
21029 Cumbres Mayores;Total;2019;1755
21029 Cumbres Mayores;Total;2018;1785
21029 Cumbres Mayores;Total;2017;1795
21029 Cumbres Mayores;Total;2016;1827
21029 Cumbres Mayores;Total;2015;1848
21029 Cumbres Mayores;Total;2014;1872
21029 Cumbres Mayores;Total;2013;1888
21029 Cumbres Mayores;Total;2012;1898
21029 Cumbres Mayores;Total;2011;1930
21029 Cumbres Mayores;Total;2010;1954
21029 Cumbres Mayores;Total;2009;1970
21029 Cumbres Mayores;Total;2008;1993
21029 Cumbres Mayores;Total;2007;1986
21029 Cumbres Mayores;Total;2006;2024
21029 Cumbres Mayores;Total;2005;2022
21029 Cumbres Mayores;Total;2004;2001
21029 Cumbres Mayores;Total;2003;2018
21029 Cumbres Mayores;Total;2002;2020
21029 Cumbres Mayores;Total;2001;2085
21029 Cumbres Mayores;Total;2000;2119
21029 Cumbres Mayores;Total;1999;2135
21029 Cumbres Mayores;Total;1998;2161
21031 Encinasola;Total;2019;1305
21031 Encinasola;Total;2018;1332
21031 Encinasola;Total;2017;1334
21031 Encinasola;Total;2016;1365
21031 Encinasola;Total;2015;1326
21031 Encinasola;Total;2014;1304
21031 Encinasola;Total;2013;1353
21031 Encinasola;Total;2012;1481
21031 Encinasola;Total;2011;1540
21031 Encinasola;Total;2010;1582
21031 Encinasola;Total;2009;1596
21031 Encinasola;Total;2008;1584
21031 Encinasola;Total;2007;1614
21031 Encinasola;Total;2006;1634
21031 Encinasola;Total;2005;1686
21031 Encinasola;Total;2004;1673
21031 Encinasola;Total;2003;1710
21031 Encinasola;Total;2002;1761
21031 Encinasola;Total;2001;1772
21031 Encinasola;Total;2000;1789
21031 Encinasola;Total;1999;1845
21031 Encinasola;Total;1998;1865
21032 Escacena del Campo;Total;2019;2284
21032 Escacena del Campo;Total;2018;2278
21032 Escacena del Campo;Total;2017;2254
21032 Escacena del Campo;Total;2016;2241
21032 Escacena del Campo;Total;2015;2095
21032 Escacena del Campo;Total;2014;2082
21032 Escacena del Campo;Total;2013;1802
21032 Escacena del Campo;Total;2012;2009
21032 Escacena del Campo;Total;2011;2077
21032 Escacena del Campo;Total;2010;1996
21032 Escacena del Campo;Total;2009;2075
21032 Escacena del Campo;Total;2008;2145
21032 Escacena del Campo;Total;2007;2154
21032 Escacena del Campo;Total;2006;2174
21032 Escacena del Campo;Total;2005;2182
21032 Escacena del Campo;Total;2004;2162
21032 Escacena del Campo;Total;2003;2156
21032 Escacena del Campo;Total;2002;2140
21032 Escacena del Campo;Total;2001;2174
21032 Escacena del Campo;Total;2000;2190
21032 Escacena del Campo;Total;1999;2202
21032 Escacena del Campo;Total;1998;2159
21033 Fuenteheridos;Total;2019;678
21033 Fuenteheridos;Total;2018;623
21033 Fuenteheridos;Total;2017;646
21033 Fuenteheridos;Total;2016;648
21033 Fuenteheridos;Total;2015;641
21033 Fuenteheridos;Total;2014;625
21033 Fuenteheridos;Total;2013;478
21033 Fuenteheridos;Total;2012;559
21033 Fuenteheridos;Total;2011;582
21033 Fuenteheridos;Total;2010;599
21033 Fuenteheridos;Total;2009;632
21033 Fuenteheridos;Total;2008;660
21033 Fuenteheridos;Total;2007;658
21033 Fuenteheridos;Total;2006;606
21033 Fuenteheridos;Total;2005;630
21033 Fuenteheridos;Total;2004;654
21033 Fuenteheridos;Total;2003;677
21033 Fuenteheridos;Total;2002;613
21033 Fuenteheridos;Total;2001;627
21033 Fuenteheridos;Total;2000;636
21033 Fuenteheridos;Total;1999;645
21033 Fuenteheridos;Total;1998;658
21034 Galaroza;Total;2019;1379
21034 Galaroza;Total;2018;1401
21034 Galaroza;Total;2017;1409
21034 Galaroza;Total;2016;1431
21034 Galaroza;Total;2015;1486
21034 Galaroza;Total;2014;1503
21034 Galaroza;Total;2013;1548
21034 Galaroza;Total;2012;1587
21034 Galaroza;Total;2011;1599
21034 Galaroza;Total;2010;1606
21034 Galaroza;Total;2009;1618
21034 Galaroza;Total;2008;1617
21034 Galaroza;Total;2007;1615
21034 Galaroza;Total;2006;1606
21034 Galaroza;Total;2005;1642
21034 Galaroza;Total;2004;1651
21034 Galaroza;Total;2003;1631
21034 Galaroza;Total;2002;1618
21034 Galaroza;Total;2001;1617
21034 Galaroza;Total;2000;1603
21034 Galaroza;Total;1999;1600
21034 Galaroza;Total;1998;1586
21035 Gibraleón;Total;2019;12607
21035 Gibraleón;Total;2018;12548
21035 Gibraleón;Total;2017;12570
21035 Gibraleón;Total;2016;12523
21035 Gibraleón;Total;2015;12508
21035 Gibraleón;Total;2014;12474
21035 Gibraleón;Total;2013;12411
21035 Gibraleón;Total;2012;12590
21035 Gibraleón;Total;2011;12587
21035 Gibraleón;Total;2010;12392
21035 Gibraleón;Total;2009;12258
21035 Gibraleón;Total;2008;12120
21035 Gibraleón;Total;2007;11794
21035 Gibraleón;Total;2006;11349
21035 Gibraleón;Total;2005;11202
21035 Gibraleón;Total;2004;11123
21035 Gibraleón;Total;2003;11022
21035 Gibraleón;Total;2002;10951
21035 Gibraleón;Total;2001;10818
21035 Gibraleón;Total;2000;10827
21035 Gibraleón;Total;1999;10908
21035 Gibraleón;Total;1998;10868
21036 La Granada de Río-Tinto;Total;2019;239
21036 La Granada de Río-Tinto;Total;2018;235
21036 La Granada de Río-Tinto;Total;2017;234
21036 La Granada de Río-Tinto;Total;2016;191
21036 La Granada de Río-Tinto;Total;2015;202
21036 La Granada de Río-Tinto;Total;2014;214
21036 La Granada de Río-Tinto;Total;2013;217
21036 La Granada de Río-Tinto;Total;2012;239
21036 La Granada de Río-Tinto;Total;2011;240
21036 La Granada de Río-Tinto;Total;2010;209
21036 La Granada de Río-Tinto;Total;2009;211
21036 La Granada de Río-Tinto;Total;2008;207
21036 La Granada de Río-Tinto;Total;2007;223
21036 La Granada de Río-Tinto;Total;2006;222
21036 La Granada de Río-Tinto;Total;2005;228
21036 La Granada de Río-Tinto;Total;2004;231
21036 La Granada de Río-Tinto;Total;2003;231
21036 La Granada de Río-Tinto;Total;2002;223
21036 La Granada de Río-Tinto;Total;2001;218
21036 La Granada de Río-Tinto;Total;2000;222
21036 La Granada de Río-Tinto;Total;1999;223
21036 La Granada de Río-Tinto;Total;1998;224
21037 El Granado;Total;2019;516
21037 El Granado;Total;2018;519
21037 El Granado;Total;2017;521
21037 El Granado;Total;2016;525
21037 El Granado;Total;2015;540
21037 El Granado;Total;2014;557
21037 El Granado;Total;2013;566
21037 El Granado;Total;2012;570
21037 El Granado;Total;2011;567
21037 El Granado;Total;2010;572
21037 El Granado;Total;2009;573
21037 El Granado;Total;2008;598
21037 El Granado;Total;2007;616
21037 El Granado;Total;2006;618
21037 El Granado;Total;2005;624
21037 El Granado;Total;2004;624
21037 El Granado;Total;2003;639
21037 El Granado;Total;2002;653
21037 El Granado;Total;2001;653
21037 El Granado;Total;2000;661
21037 El Granado;Total;1999;681
21037 El Granado;Total;1998;664
21038 Higuera de la Sierra;Total;2019;1287
21038 Higuera de la Sierra;Total;2018;1293
21038 Higuera de la Sierra;Total;2017;1293
21038 Higuera de la Sierra;Total;2016;1317
21038 Higuera de la Sierra;Total;2015;1327
21038 Higuera de la Sierra;Total;2014;1352
21038 Higuera de la Sierra;Total;2013;1369
21038 Higuera de la Sierra;Total;2012;1390
21038 Higuera de la Sierra;Total;2011;1407
21038 Higuera de la Sierra;Total;2010;1409
21038 Higuera de la Sierra;Total;2009;1437
21038 Higuera de la Sierra;Total;2008;1425
21038 Higuera de la Sierra;Total;2007;1392
21038 Higuera de la Sierra;Total;2006;1361
21038 Higuera de la Sierra;Total;2005;1348
21038 Higuera de la Sierra;Total;2004;1344
21038 Higuera de la Sierra;Total;2003;1311
21038 Higuera de la Sierra;Total;2002;1262
21038 Higuera de la Sierra;Total;2001;1269
21038 Higuera de la Sierra;Total;2000;1258
21038 Higuera de la Sierra;Total;1999;1260
21038 Higuera de la Sierra;Total;1998;1271
21039 Hinojales;Total;2019;325
21039 Hinojales;Total;2018;307
21039 Hinojales;Total;2017;310
21039 Hinojales;Total;2016;317
21039 Hinojales;Total;2015;273
21039 Hinojales;Total;2014;289
21039 Hinojales;Total;2013;298
21039 Hinojales;Total;2012;348
21039 Hinojales;Total;2011;358
21039 Hinojales;Total;2010;370
21039 Hinojales;Total;2009;326
21039 Hinojales;Total;2008;338
21039 Hinojales;Total;2007;353
21039 Hinojales;Total;2006;366
21039 Hinojales;Total;2005;381
21039 Hinojales;Total;2004;392
21039 Hinojales;Total;2003;400
21039 Hinojales;Total;2002;402
21039 Hinojales;Total;2001;417
21039 Hinojales;Total;2000;432
21039 Hinojales;Total;1999;436
21039 Hinojales;Total;1998;440
21040 Hinojos;Total;2019;3976
21040 Hinojos;Total;2018;3909
21040 Hinojos;Total;2017;3891
21040 Hinojos;Total;2016;3893
21040 Hinojos;Total;2015;3862
21040 Hinojos;Total;2014;3905
21040 Hinojos;Total;2013;3904
21040 Hinojos;Total;2012;3933
21040 Hinojos;Total;2011;3924
21040 Hinojos;Total;2010;3926
21040 Hinojos;Total;2009;3890
21040 Hinojos;Total;2008;3807
21040 Hinojos;Total;2007;3806
21040 Hinojos;Total;2006;3797
21040 Hinojos;Total;2005;3726
21040 Hinojos;Total;2004;3683
21040 Hinojos;Total;2003;3591
21040 Hinojos;Total;2002;3601
21040 Hinojos;Total;2001;3544
21040 Hinojos;Total;2000;3556
21040 Hinojos;Total;1999;3548
21040 Hinojos;Total;1998;3529
21041 Huelva;Total;2019;143663
21041 Huelva;Total;2018;144258
21041 Huelva;Total;2017;145115
21041 Huelva;Total;2016;145468
21041 Huelva;Total;2015;146318
21041 Huelva;Total;2014;147212
21041 Huelva;Total;2013;148101
21041 Huelva;Total;2012;148568
21041 Huelva;Total;2011;148918
21041 Huelva;Total;2010;149310
21041 Huelva;Total;2009;148806
21041 Huelva;Total;2008;148027
21041 Huelva;Total;2007;146173
21041 Huelva;Total;2006;145763
21041 Huelva;Total;2005;145150
21041 Huelva;Total;2004;144369
21041 Huelva;Total;2003;144831
21041 Huelva;Total;2002;140862
21041 Huelva;Total;2001;141334
21041 Huelva;Total;2000;140985
21041 Huelva;Total;1999;140583
21041 Huelva;Total;1998;139991
21042 Isla Cristina;Total;2019;21264
21042 Isla Cristina;Total;2018;21077
21042 Isla Cristina;Total;2017;21175
21042 Isla Cristina;Total;2016;21165
21042 Isla Cristina;Total;2015;21193
21042 Isla Cristina;Total;2014;21346
21042 Isla Cristina;Total;2013;21443
21042 Isla Cristina;Total;2012;21958
21042 Isla Cristina;Total;2011;21903
21042 Isla Cristina;Total;2010;21719
21042 Isla Cristina;Total;2009;21324
21042 Isla Cristina;Total;2008;20982
21042 Isla Cristina;Total;2007;20540
21042 Isla Cristina;Total;2006;20323
21042 Isla Cristina;Total;2005;19875
21042 Isla Cristina;Total;2004;19227
21042 Isla Cristina;Total;2003;19027
21042 Isla Cristina;Total;2002;18770
21042 Isla Cristina;Total;2001;18435
21042 Isla Cristina;Total;2000;18236
21042 Isla Cristina;Total;1999;18070
21042 Isla Cristina;Total;1998;17761
21043 Jabugo;Total;2019;2250
21043 Jabugo;Total;2018;2258
21043 Jabugo;Total;2017;2258
21043 Jabugo;Total;2016;2260
21043 Jabugo;Total;2015;2267
21043 Jabugo;Total;2014;2315
21043 Jabugo;Total;2013;2325
21043 Jabugo;Total;2012;2327
21043 Jabugo;Total;2011;2358
21043 Jabugo;Total;2010;2388
21043 Jabugo;Total;2009;2396
21043 Jabugo;Total;2008;2403
21043 Jabugo;Total;2007;2435
21043 Jabugo;Total;2006;2473
21043 Jabugo;Total;2005;2475
21043 Jabugo;Total;2004;2509
21043 Jabugo;Total;2003;2522
21043 Jabugo;Total;2002;2536
21043 Jabugo;Total;2001;2546
21043 Jabugo;Total;2000;2.558
21043 Jabugo;Total;1999;2591
21043 Jabugo;Total;1998;2590
21044 Lepe;Total;2019;27431
21044 Lepe;Total;2018;27047
21044 Lepe;Total;2017;26931
21044 Lepe;Total;2016;27409
21044 Lepe;Total;2015;27675
21044 Lepe;Total;2014;27054
21044 Lepe;Total;2013;27406
21044 Lepe;Total;2012;27214
21044 Lepe;Total;2011;27241
21044 Lepe;Total;2010;26763
21044 Lepe;Total;2009;25886
21044 Lepe;Total;2008;25041
21044 Lepe;Total;2007;23607
21044 Lepe;Total;2006;23781
21044 Lepe;Total;2005;22709
21044 Lepe;Total;2004;21952
21044 Lepe;Total;2003;21223
21044 Lepe;Total;2002;20173
21044 Lepe;Total;2001;19583
21044 Lepe;Total;2000;19086
21044 Lepe;Total;1999;18995
21044 Lepe;Total;1998;18565
21045 Linares de la Sierra;Total;2019;263
21045 Linares de la Sierra;Total;2018;262
21045 Linares de la Sierra;Total;2017;267
21045 Linares de la Sierra;Total;2016;266
21045 Linares de la Sierra;Total;2015;272
21045 Linares de la Sierra;Total;2014;230
21045 Linares de la Sierra;Total;2013;244
21045 Linares de la Sierra;Total;2012;286
21045 Linares de la Sierra;Total;2011;297
21045 Linares de la Sierra;Total;2010;295
21045 Linares de la Sierra;Total;2009;299
21045 Linares de la Sierra;Total;2008;305
21045 Linares de la Sierra;Total;2007;321
21045 Linares de la Sierra;Total;2006;308
21045 Linares de la Sierra;Total;2005;295
21045 Linares de la Sierra;Total;2004;303
21045 Linares de la Sierra;Total;2003;300
21045 Linares de la Sierra;Total;2002;293
21045 Linares de la Sierra;Total;2001;307
21045 Linares de la Sierra;Total;2000;316
21045 Linares de la Sierra;Total;1999;309
21045 Linares de la Sierra;Total;1998;300
21046 Lucena del Puerto;Total;2019;3371
21046 Lucena del Puerto;Total;2018;3395
21046 Lucena del Puerto;Total;2017;3200
21046 Lucena del Puerto;Total;2016;3146
21046 Lucena del Puerto;Total;2015;3046
21046 Lucena del Puerto;Total;2014;3015
21046 Lucena del Puerto;Total;2013;2600
21046 Lucena del Puerto;Total;2012;3124
21046 Lucena del Puerto;Total;2011;3202
21046 Lucena del Puerto;Total;2010;2659
21046 Lucena del Puerto;Total;2009;2759
21046 Lucena del Puerto;Total;2008;2862
21046 Lucena del Puerto;Total;2007;2624
21046 Lucena del Puerto;Total;2006;2175
21046 Lucena del Puerto;Total;2005;2283
21046 Lucena del Puerto;Total;2004;2310
21046 Lucena del Puerto;Total;2003;2025
21046 Lucena del Puerto;Total;2002;2097
21046 Lucena del Puerto;Total;2001;2175
21046 Lucena del Puerto;Total;2000;2237
21046 Lucena del Puerto;Total;1999;2243
21046 Lucena del Puerto;Total;1998;2191
21047 Manzanilla;Total;2019;2135
21047 Manzanilla;Total;2018;2079
21047 Manzanilla;Total;2017;2076
21047 Manzanilla;Total;2016;2094
21047 Manzanilla;Total;2015;2108
21047 Manzanilla;Total;2014;2118
21047 Manzanilla;Total;2013;2142
21047 Manzanilla;Total;2012;2270
21047 Manzanilla;Total;2011;2300
21047 Manzanilla;Total;2010;2347
21047 Manzanilla;Total;2009;2341
21047 Manzanilla;Total;2008;2361
21047 Manzanilla;Total;2007;2403
21047 Manzanilla;Total;2006;2355
21047 Manzanilla;Total;2005;2384
21047 Manzanilla;Total;2004;2421
21047 Manzanilla;Total;2003;2432
21047 Manzanilla;Total;2002;2468
21047 Manzanilla;Total;2001;2518
21047 Manzanilla;Total;2000;2504
21047 Manzanilla;Total;1999;2507
21047 Manzanilla;Total;1998;2519
21048 Los Marines;Total;2019;396
21048 Los Marines;Total;2018;402
21048 Los Marines;Total;2017;393
21048 Los Marines;Total;2016;384
21048 Los Marines;Total;2015;273
21048 Los Marines;Total;2014;280
21048 Los Marines;Total;2013;292
21048 Los Marines;Total;2012;331
21048 Los Marines;Total;2011;347
21048 Los Marines;Total;2010;355
21048 Los Marines;Total;2009;358
21048 Los Marines;Total;2008;349
21048 Los Marines;Total;2007;329
21048 Los Marines;Total;2006;320
21048 Los Marines;Total;2005;329
21048 Los Marines;Total;2004;327
21048 Los Marines;Total;2003;329
21048 Los Marines;Total;2002;326
21048 Los Marines;Total;2001;324
21048 Los Marines;Total;2000;328
21048 Los Marines;Total;1999;326
21048 Los Marines;Total;1998;320
21049 Minas de Riotinto;Total;2019;3848
21049 Minas de Riotinto;Total;2018;3866
21049 Minas de Riotinto;Total;2017;3924
21049 Minas de Riotinto;Total;2016;3974
21049 Minas de Riotinto;Total;2015;4063
21049 Minas de Riotinto;Total;2014;4070
21049 Minas de Riotinto;Total;2013;4090
21049 Minas de Riotinto;Total;2012;4112
21049 Minas de Riotinto;Total;2011;4157
21049 Minas de Riotinto;Total;2010;4209
21049 Minas de Riotinto;Total;2009;4221
21049 Minas de Riotinto;Total;2008;4263
21049 Minas de Riotinto;Total;2007;4281
21049 Minas de Riotinto;Total;2006;4401
21049 Minas de Riotinto;Total;2005;4478
21049 Minas de Riotinto;Total;2004;4509
21049 Minas de Riotinto;Total;2003;4567
21049 Minas de Riotinto;Total;2002;4724
21049 Minas de Riotinto;Total;2001;4825
21049 Minas de Riotinto;Total;2000;4888
21049 Minas de Riotinto;Total;1999;5027
21049 Minas de Riotinto;Total;1998;5056
21050 Moguer;Total;2019;22088
21050 Moguer;Total;2018;21699
21050 Moguer;Total;2017;21514
21050 Moguer;Total;2016;21401
21050 Moguer;Total;2015;21383
21050 Moguer;Total;2014;21302
21050 Moguer;Total;2013;21209
21050 Moguer;Total;2012;20944
21050 Moguer;Total;2011;20418
21050 Moguer;Total;2010;20040
21050 Moguer;Total;2009;19569
21050 Moguer;Total;2008;19032
21050 Moguer;Total;2007;18381
21050 Moguer;Total;2006;18441
21050 Moguer;Total;2005;16961
21050 Moguer;Total;2004;16349
21050 Moguer;Total;2003;15980
21050 Moguer;Total;2002;15610
21050 Moguer;Total;2001;14731
21050 Moguer;Total;2000;14389
21050 Moguer;Total;1999;14030
21050 Moguer;Total;1998;13749
21051 La Nava;Total;2019;266
21051 La Nava;Total;2018;253
21051 La Nava;Total;2017;266
21051 La Nava;Total;2016;292
21051 La Nava;Total;2015;289
21051 La Nava;Total;2014;296
21051 La Nava;Total;2013;295
21051 La Nava;Total;2012;313
21051 La Nava;Total;2011;324
21051 La Nava;Total;2010;327
21051 La Nava;Total;2009;321
21051 La Nava;Total;2008;330
21051 La Nava;Total;2007;339
21051 La Nava;Total;2006;328
21051 La Nava;Total;2005;275
21051 La Nava;Total;2004;288
21051 La Nava;Total;2003;295
21051 La Nava;Total;2002;299
21051 La Nava;Total;2001;311
21051 La Nava;Total;2000;319
21051 La Nava;Total;1999;326
21051 La Nava;Total;1998;321
21052 Nerva;Total;2019;5235
21052 Nerva;Total;2018;5303
21052 Nerva;Total;2017;5418
21052 Nerva;Total;2016;5474
21052 Nerva;Total;2015;5514
21052 Nerva;Total;2014;5547
21052 Nerva;Total;2013;5654
21052 Nerva;Total;2012;5766
21052 Nerva;Total;2011;5831
21052 Nerva;Total;2010;5945
21052 Nerva;Total;2009;6000
21052 Nerva;Total;2008;5994
21052 Nerva;Total;2007;5991
21052 Nerva;Total;2006;5947
21052 Nerva;Total;2005;5936
21052 Nerva;Total;2004;6051
21052 Nerva;Total;2003;6101
21052 Nerva;Total;2002;6196
21052 Nerva;Total;2001;6291
21052 Nerva;Total;2000;6413
21052 Nerva;Total;1999;6475
21052 Nerva;Total;1998;6544
21053 Niebla;Total;2019;4117
21053 Niebla;Total;2018;4103
21053 Niebla;Total;2017;4091
21053 Niebla;Total;2016;4098
21053 Niebla;Total;2015;3999
21053 Niebla;Total;2014;4004
21053 Niebla;Total;2013;3991
21053 Niebla;Total;2012;4149
21053 Niebla;Total;2011;4169
21053 Niebla;Total;2010;4214
21053 Niebla;Total;2009;4183
21053 Niebla;Total;2008;4102
21053 Niebla;Total;2007;4072
21053 Niebla;Total;2006;4033
21053 Niebla;Total;2005;3953
21053 Niebla;Total;2004;3947
21053 Niebla;Total;2003;3933
21053 Niebla;Total;2002;3820
21053 Niebla;Total;2001;3879
21053 Niebla;Total;2000;3847
21053 Niebla;Total;1999;3924
21053 Niebla;Total;1998;3814
21054 La Palma del Condado;Total;2019;10761
21054 La Palma del Condado;Total;2018;10762
21054 La Palma del Condado;Total;2017;10690
21054 La Palma del Condado;Total;2016;10624
21054 La Palma del Condado;Total;2015;10662
21054 La Palma del Condado;Total;2014;10618
21054 La Palma del Condado;Total;2013;10597
21054 La Palma del Condado;Total;2012;10606
21054 La Palma del Condado;Total;2011;10547
21054 La Palma del Condado;Total;2010;10475
21054 La Palma del Condado;Total;2009;10404
21054 La Palma del Condado;Total;2008;10340
21054 La Palma del Condado;Total;2007;10192
21054 La Palma del Condado;Total;2006;10074
21054 La Palma del Condado;Total;2005;9925
21054 La Palma del Condado;Total;2004;9790
21054 La Palma del Condado;Total;2003;9675
21054 La Palma del Condado;Total;2002;9772
21054 La Palma del Condado;Total;2001;9777
21054 La Palma del Condado;Total;2000;9695
21054 La Palma del Condado;Total;1999;9709
21054 La Palma del Condado;Total;1998;9614
21055 Palos de la Frontera;Total;2019;11289
21055 Palos de la Frontera;Total;2018;11112
21055 Palos de la Frontera;Total;2017;10885
21055 Palos de la Frontera;Total;2016;10785
21055 Palos de la Frontera;Total;2015;10365
21055 Palos de la Frontera;Total;2014;10414
21055 Palos de la Frontera;Total;2013;10196
21055 Palos de la Frontera;Total;2012;9809
21055 Palos de la Frontera;Total;2011;9377
21055 Palos de la Frontera;Total;2010;9167
21055 Palos de la Frontera;Total;2009;9043
21055 Palos de la Frontera;Total;2008;8964
21055 Palos de la Frontera;Total;2007;8529
21055 Palos de la Frontera;Total;2006;8415
21055 Palos de la Frontera;Total;2005;8181
21055 Palos de la Frontera;Total;2004;7897
21055 Palos de la Frontera;Total;2003;7895
21055 Palos de la Frontera;Total;2002;7605
21055 Palos de la Frontera;Total;2001;7337
21055 Palos de la Frontera;Total;2000;7115
21055 Palos de la Frontera;Total;1999;7060
21055 Palos de la Frontera;Total;1998;7009
21056 Paterna del Campo;Total;2019;3509
21056 Paterna del Campo;Total;2018;3484
21056 Paterna del Campo;Total;2017;3499
21056 Paterna del Campo;Total;2016;3486
21056 Paterna del Campo;Total;2015;3554
21056 Paterna del Campo;Total;2014;3564
21056 Paterna del Campo;Total;2013;3601
21056 Paterna del Campo;Total;2012;3611
21056 Paterna del Campo;Total;2011;3688
21056 Paterna del Campo;Total;2010;3745
21056 Paterna del Campo;Total;2009;3784
21056 Paterna del Campo;Total;2008;3764
21056 Paterna del Campo;Total;2007;3736
21056 Paterna del Campo;Total;2006;3763
21056 Paterna del Campo;Total;2005;3729
21056 Paterna del Campo;Total;2004;3695
21056 Paterna del Campo;Total;2003;3777
21056 Paterna del Campo;Total;2002;3824
21056 Paterna del Campo;Total;2001;3864
21056 Paterna del Campo;Total;2000;3894
21056 Paterna del Campo;Total;1999;3914
21056 Paterna del Campo;Total;1998;3914
21057 Paymogo;Total;2019;1159
21057 Paymogo;Total;2018;1167
21057 Paymogo;Total;2017;1195
21057 Paymogo;Total;2016;1221
21057 Paymogo;Total;2015;1238
21057 Paymogo;Total;2014;1218
21057 Paymogo;Total;2013;1253
21057 Paymogo;Total;2012;1293
21057 Paymogo;Total;2011;1308
21057 Paymogo;Total;2010;1306
21057 Paymogo;Total;2009;1318
21057 Paymogo;Total;2008;1306
21057 Paymogo;Total;2007;1292
21057 Paymogo;Total;2006;1273
21057 Paymogo;Total;2005;1290
21057 Paymogo;Total;2004;1293
21057 Paymogo;Total;2003;1262
21057 Paymogo;Total;2002;1290
21057 Paymogo;Total;2001;1289
21057 Paymogo;Total;2000;1269
21057 Paymogo;Total;1999;1235
21057 Paymogo;Total;1998;1247
21058 Puebla de Guzmán;Total;2019;3073
21058 Puebla de Guzmán;Total;2018;3142
21058 Puebla de Guzmán;Total;2017;3148
21058 Puebla de Guzmán;Total;2016;3138
21058 Puebla de Guzmán;Total;2015;3143
21058 Puebla de Guzmán;Total;2014;3101
21058 Puebla de Guzmán;Total;2013;3127
21058 Puebla de Guzmán;Total;2012;3125
21058 Puebla de Guzmán;Total;2011;3124
21058 Puebla de Guzmán;Total;2010;3114
21058 Puebla de Guzmán;Total;2009;3098
21058 Puebla de Guzmán;Total;2008;3199
21058 Puebla de Guzmán;Total;2007;3193
21058 Puebla de Guzmán;Total;2006;3200
21058 Puebla de Guzmán;Total;2005;3109
21058 Puebla de Guzmán;Total;2004;3131
21058 Puebla de Guzmán;Total;2003;3193
21058 Puebla de Guzmán;Total;2002;3200
21058 Puebla de Guzmán;Total;2001;3220
21058 Puebla de Guzmán;Total;2000;3253
21058 Puebla de Guzmán;Total;1999;3242
21058 Puebla de Guzmán;Total;1998;3228
21059 Puerto Moral;Total;2019;282
21059 Puerto Moral;Total;2018;281
21059 Puerto Moral;Total;2017;274
21059 Puerto Moral;Total;2016;286
21059 Puerto Moral;Total;2015;288
21059 Puerto Moral;Total;2014;289
21059 Puerto Moral;Total;2013;283
21059 Puerto Moral;Total;2012;275
21059 Puerto Moral;Total;2011;272
21059 Puerto Moral;Total;2010;270
21059 Puerto Moral;Total;2009;272
21059 Puerto Moral;Total;2008;273
21059 Puerto Moral;Total;2007;287
21059 Puerto Moral;Total;2006;272
21059 Puerto Moral;Total;2005;262
21059 Puerto Moral;Total;2004;258
21059 Puerto Moral;Total;2003;259
21059 Puerto Moral;Total;2002;254
21059 Puerto Moral;Total;2001;250
21059 Puerto Moral;Total;2000;254
21059 Puerto Moral;Total;1999;251
21059 Puerto Moral;Total;1998;242
21060 Punta Umbría;Total;2019;15242
21060 Punta Umbría;Total;2018;15134
21060 Punta Umbría;Total;2017;15038
21060 Punta Umbría;Total;2016;15053
21060 Punta Umbría;Total;2015;14996
21060 Punta Umbría;Total;2014;14934
21060 Punta Umbría;Total;2013;14976
21060 Punta Umbría;Total;2012;14919
21060 Punta Umbría;Total;2011;14899
21060 Punta Umbría;Total;2010;14714
21060 Punta Umbría;Total;2009;14708
21060 Punta Umbría;Total;2008;14515
21060 Punta Umbría;Total;2007;14274
21060 Punta Umbría;Total;2006;14033
21060 Punta Umbría;Total;2005;13736
21060 Punta Umbría;Total;2004;13089
21060 Punta Umbría;Total;2003;12925
21060 Punta Umbría;Total;2002;12583
21060 Punta Umbría;Total;2001;12296
21060 Punta Umbría;Total;2000;11987
21060 Punta Umbría;Total;1999;11864
21060 Punta Umbría;Total;1998;11523
21061 Rociana del Condado;Total;2019;7855
21061 Rociana del Condado;Total;2018;7751
21061 Rociana del Condado;Total;2017;7714
21061 Rociana del Condado;Total;2016;7735
21061 Rociana del Condado;Total;2015;7643
21061 Rociana del Condado;Total;2014;7691
21061 Rociana del Condado;Total;2013;7673
21061 Rociana del Condado;Total;2012;7634
21061 Rociana del Condado;Total;2011;7573
21061 Rociana del Condado;Total;2010;7362
21061 Rociana del Condado;Total;2009;7317
21061 Rociana del Condado;Total;2008;7341
21061 Rociana del Condado;Total;2007;7020
21061 Rociana del Condado;Total;2006;6863
21061 Rociana del Condado;Total;2005;6533
21061 Rociana del Condado;Total;2004;6408
21061 Rociana del Condado;Total;2003;6370
21061 Rociana del Condado;Total;2002;6327
21061 Rociana del Condado;Total;2001;6302
21061 Rociana del Condado;Total;2000;6292
21061 Rociana del Condado;Total;1999;6353
21061 Rociana del Condado;Total;1998;6310
21062 Rosal de la Frontera;Total;2019;1697
21062 Rosal de la Frontera;Total;2018;1707
21062 Rosal de la Frontera;Total;2017;1702
21062 Rosal de la Frontera;Total;2016;1728
21062 Rosal de la Frontera;Total;2015;1750
21062 Rosal de la Frontera;Total;2014;1775
21062 Rosal de la Frontera;Total;2013;1830
21062 Rosal de la Frontera;Total;2012;1890
21062 Rosal de la Frontera;Total;2011;1913
21062 Rosal de la Frontera;Total;2010;1911
21062 Rosal de la Frontera;Total;2009;1879
21062 Rosal de la Frontera;Total;2008;1846
21062 Rosal de la Frontera;Total;2007;1820
21062 Rosal de la Frontera;Total;2006;1819
21062 Rosal de la Frontera;Total;2005;1817
21062 Rosal de la Frontera;Total;2004;1807
21062 Rosal de la Frontera;Total;2003;1792
21062 Rosal de la Frontera;Total;2002;1749
21062 Rosal de la Frontera;Total;2001;1827
21062 Rosal de la Frontera;Total;2000;1865
21062 Rosal de la Frontera;Total;1999;1869
21062 Rosal de la Frontera;Total;1998;1880
21063 San Bartolomé de la Torre;Total;2019;3736
21063 San Bartolomé de la Torre;Total;2018;3679
21063 San Bartolomé de la Torre;Total;2017;3640
21063 San Bartolomé de la Torre;Total;2016;3618
21063 San Bartolomé de la Torre;Total;2015;3608
21063 San Bartolomé de la Torre;Total;2014;3658
21063 San Bartolomé de la Torre;Total;2013;3610
21063 San Bartolomé de la Torre;Total;2012;3560
21063 San Bartolomé de la Torre;Total;2011;3566
21063 San Bartolomé de la Torre;Total;2010;3530
21063 San Bartolomé de la Torre;Total;2009;3468
21063 San Bartolomé de la Torre;Total;2008;3446
21063 San Bartolomé de la Torre;Total;2007;3327
21063 San Bartolomé de la Torre;Total;2006;3205
21063 San Bartolomé de la Torre;Total;2005;3030
21063 San Bartolomé de la Torre;Total;2004;2972
21063 San Bartolomé de la Torre;Total;2003;2951
21063 San Bartolomé de la Torre;Total;2002;2991
21063 San Bartolomé de la Torre;Total;2001;2965
21063 San Bartolomé de la Torre;Total;2000;2945
21063 San Bartolomé de la Torre;Total;1999;2897
21063 San Bartolomé de la Torre;Total;1998;2909
21064 San Juan del Puerto;Total;2019;9300
21064 San Juan del Puerto;Total;2018;9198
21064 San Juan del Puerto;Total;2017;9116
21064 San Juan del Puerto;Total;2016;8949
21064 San Juan del Puerto;Total;2015;8832
21064 San Juan del Puerto;Total;2014;8743
21064 San Juan del Puerto;Total;2013;8600
21064 San Juan del Puerto;Total;2012;8479
21064 San Juan del Puerto;Total;2011;8374
21064 San Juan del Puerto;Total;2010;8190
21064 San Juan del Puerto;Total;2009;8049
21064 San Juan del Puerto;Total;2008;7798
21064 San Juan del Puerto;Total;2007;7520
21064 San Juan del Puerto;Total;2006;7204
21064 San Juan del Puerto;Total;2005;6881
21064 San Juan del Puerto;Total;2004;6560
21064 San Juan del Puerto;Total;2003;6244
21064 San Juan del Puerto;Total;2002;6058
21064 San Juan del Puerto;Total;2001;5961
21064 San Juan del Puerto;Total;2000;5933
21064 San Juan del Puerto;Total;1999;5882
21064 San Juan del Puerto;Total;1998;5910
21066 San Silvestre de Guzmán;Total;2019;623
21066 San Silvestre de Guzmán;Total;2018;607
21066 San Silvestre de Guzmán;Total;2017;611
21066 San Silvestre de Guzmán;Total;2016;604
21066 San Silvestre de Guzmán;Total;2015;634
21066 San Silvestre de Guzmán;Total;2014;692
21066 San Silvestre de Guzmán;Total;2013;699
21066 San Silvestre de Guzmán;Total;2012;718
21066 San Silvestre de Guzmán;Total;2011;731
21066 San Silvestre de Guzmán;Total;2010;755
21066 San Silvestre de Guzmán;Total;2009;747
21066 San Silvestre de Guzmán;Total;2008;754
21066 San Silvestre de Guzmán;Total;2007;708
21066 San Silvestre de Guzmán;Total;2006;662
21066 San Silvestre de Guzmán;Total;2005;626
21066 San Silvestre de Guzmán;Total;2004;627
21066 San Silvestre de Guzmán;Total;2003;629
21066 San Silvestre de Guzmán;Total;2002;671
21066 San Silvestre de Guzmán;Total;2001;668
21066 San Silvestre de Guzmán;Total;2000;647
21066 San Silvestre de Guzmán;Total;1999;653
21066 San Silvestre de Guzmán;Total;1998;648
21065 Sanlúcar de Guadiana;Total;2019;409
21065 Sanlúcar de Guadiana;Total;2018;396
21065 Sanlúcar de Guadiana;Total;2017;419
21065 Sanlúcar de Guadiana;Total;2016;431
21065 Sanlúcar de Guadiana;Total;2015;443
21065 Sanlúcar de Guadiana;Total;2014;447
21065 Sanlúcar de Guadiana;Total;2013;461
21065 Sanlúcar de Guadiana;Total;2012;446
21065 Sanlúcar de Guadiana;Total;2011;440
21065 Sanlúcar de Guadiana;Total;2010;408
21065 Sanlúcar de Guadiana;Total;2009;367
21065 Sanlúcar de Guadiana;Total;2008;370
21065 Sanlúcar de Guadiana;Total;2007;378
21065 Sanlúcar de Guadiana;Total;2006;373
21065 Sanlúcar de Guadiana;Total;2005;379
21065 Sanlúcar de Guadiana;Total;2004;370
21065 Sanlúcar de Guadiana;Total;2003;379
21065 Sanlúcar de Guadiana;Total;2002;392
21065 Sanlúcar de Guadiana;Total;2001;381
21065 Sanlúcar de Guadiana;Total;2000;397
21065 Sanlúcar de Guadiana;Total;1999;397
21065 Sanlúcar de Guadiana;Total;1998;393
21067 Santa Ana la Real;Total;2019;476
21067 Santa Ana la Real;Total;2018;480
21067 Santa Ana la Real;Total;2017;491
21067 Santa Ana la Real;Total;2016;498
21067 Santa Ana la Real;Total;2015;523
21067 Santa Ana la Real;Total;2014;534
21067 Santa Ana la Real;Total;2013;535
21067 Santa Ana la Real;Total;2012;542
21067 Santa Ana la Real;Total;2011;520
21067 Santa Ana la Real;Total;2010;493
21067 Santa Ana la Real;Total;2009;482
21067 Santa Ana la Real;Total;2008;519
21067 Santa Ana la Real;Total;2007;484
21067 Santa Ana la Real;Total;2006;484
21067 Santa Ana la Real;Total;2005;502
21067 Santa Ana la Real;Total;2004;495
21067 Santa Ana la Real;Total;2003;494
21067 Santa Ana la Real;Total;2002;470
21067 Santa Ana la Real;Total;2001;489
21067 Santa Ana la Real;Total;2000;509
21067 Santa Ana la Real;Total;1999;514
21067 Santa Ana la Real;Total;1998;495
21068 Santa Bárbara de Casa;Total;2019;1035
21068 Santa Bárbara de Casa;Total;2018;1054
21068 Santa Bárbara de Casa;Total;2017;1092
21068 Santa Bárbara de Casa;Total;2016;1087
21068 Santa Bárbara de Casa;Total;2015;1113
21068 Santa Bárbara de Casa;Total;2014;1093
21068 Santa Bárbara de Casa;Total;2013;1098
21068 Santa Bárbara de Casa;Total;2012;1151
21068 Santa Bárbara de Casa;Total;2011;1177
21068 Santa Bárbara de Casa;Total;2010;1162
21068 Santa Bárbara de Casa;Total;2009;1160
21068 Santa Bárbara de Casa;Total;2008;1188
21068 Santa Bárbara de Casa;Total;2007;1172
21068 Santa Bárbara de Casa;Total;2006;1158
21068 Santa Bárbara de Casa;Total;2005;1203
21068 Santa Bárbara de Casa;Total;2004;1237
21068 Santa Bárbara de Casa;Total;2003;1255
21068 Santa Bárbara de Casa;Total;2002;1302
21068 Santa Bárbara de Casa;Total;2001;1312
21068 Santa Bárbara de Casa;Total;2000;1337
21068 Santa Bárbara de Casa;Total;1999;1368
21068 Santa Bárbara de Casa;Total;1998;1377
21069 Santa Olalla del Cala;Total;2019;2001
21069 Santa Olalla del Cala;Total;2018;2004
21069 Santa Olalla del Cala;Total;2017;2003
21069 Santa Olalla del Cala;Total;2016;2042
21069 Santa Olalla del Cala;Total;2015;2010
21069 Santa Olalla del Cala;Total;2014;2002
21069 Santa Olalla del Cala;Total;2013;2023
21069 Santa Olalla del Cala;Total;2012;2120
21069 Santa Olalla del Cala;Total;2011;2190
21069 Santa Olalla del Cala;Total;2010;2177
21069 Santa Olalla del Cala;Total;2009;2187
21069 Santa Olalla del Cala;Total;2008;2164
21069 Santa Olalla del Cala;Total;2007;2142
21069 Santa Olalla del Cala;Total;2006;2135
21069 Santa Olalla del Cala;Total;2005;2143
21069 Santa Olalla del Cala;Total;2004;2176
21069 Santa Olalla del Cala;Total;2003;2173
21069 Santa Olalla del Cala;Total;2002;2192
21069 Santa Olalla del Cala;Total;2001;2203
21069 Santa Olalla del Cala;Total;2000;2244
21069 Santa Olalla del Cala;Total;1999;2297
21069 Santa Olalla del Cala;Total;1998;2278
21070 Trigueros;Total;2019;7713
21070 Trigueros;Total;2018;7782
21070 Trigueros;Total;2017;7708
21070 Trigueros;Total;2016;7628
21070 Trigueros;Total;2015;7746
21070 Trigueros;Total;2014;7780
21070 Trigueros;Total;2013;7822
21070 Trigueros;Total;2012;7801
21070 Trigueros;Total;2011;7820
21070 Trigueros;Total;2010;7729
21070 Trigueros;Total;2009;7584
21070 Trigueros;Total;2008;7477
21070 Trigueros;Total;2007;7396
21070 Trigueros;Total;2006;7373
21070 Trigueros;Total;2005;7260
21070 Trigueros;Total;2004;7212
21070 Trigueros;Total;2003;7194
21070 Trigueros;Total;2002;7194
21070 Trigueros;Total;2001;7197
21070 Trigueros;Total;2000;7213
21070 Trigueros;Total;1999;7225
21070 Trigueros;Total;1998;7229
21071 Valdelarco;Total;2019;239
21071 Valdelarco;Total;2018;243
21071 Valdelarco;Total;2017;238
21071 Valdelarco;Total;2016;233
21071 Valdelarco;Total;2015;225
21071 Valdelarco;Total;2014;227
21071 Valdelarco;Total;2013;223
21071 Valdelarco;Total;2012;234
21071 Valdelarco;Total;2011;254
21071 Valdelarco;Total;2010;254
21071 Valdelarco;Total;2009;255
21071 Valdelarco;Total;2008;240
21071 Valdelarco;Total;2007;229
21071 Valdelarco;Total;2006;237
21071 Valdelarco;Total;2005;241
21071 Valdelarco;Total;2004;250
21071 Valdelarco;Total;2003;256
21071 Valdelarco;Total;2002;265
21071 Valdelarco;Total;2001;268
21071 Valdelarco;Total;2000;275
21071 Valdelarco;Total;1999;273
21071 Valdelarco;Total;1998;279
21072 Valverde del Camino;Total;2019;12820
21072 Valverde del Camino;Total;2018;12780
21072 Valverde del Camino;Total;2017;12839
21072 Valverde del Camino;Total;2016;12857
21072 Valverde del Camino;Total;2015;12766
21072 Valverde del Camino;Total;2014;12740
21072 Valverde del Camino;Total;2013;12766
21072 Valverde del Camino;Total;2012;12902
21072 Valverde del Camino;Total;2011;12827
21072 Valverde del Camino;Total;2010;12746
21072 Valverde del Camino;Total;2009;12780
21072 Valverde del Camino;Total;2008;12665
21072 Valverde del Camino;Total;2007;12621
21072 Valverde del Camino;Total;2006;12615
21072 Valverde del Camino;Total;2005;12554
21072 Valverde del Camino;Total;2004;12497
21072 Valverde del Camino;Total;2003;12487
21072 Valverde del Camino;Total;2002;12523
21072 Valverde del Camino;Total;2001;12477
21072 Valverde del Camino;Total;2000;12480
21072 Valverde del Camino;Total;1999;12510
21072 Valverde del Camino;Total;1998;12510
21073 Villablanca;Total;2019;2848
21073 Villablanca;Total;2018;2839
21073 Villablanca;Total;2017;2781
21073 Villablanca;Total;2016;2801
21073 Villablanca;Total;2015;2880
21073 Villablanca;Total;2014;2958
21073 Villablanca;Total;2013;3012
21073 Villablanca;Total;2012;2975
21073 Villablanca;Total;2011;2916
21073 Villablanca;Total;2010;2800
21073 Villablanca;Total;2009;2793
21073 Villablanca;Total;2008;2732
21073 Villablanca;Total;2007;2577
21073 Villablanca;Total;2006;2419
21073 Villablanca;Total;2005;2324
21073 Villablanca;Total;2004;2222
21073 Villablanca;Total;2003;2146
21073 Villablanca;Total;2002;2075
21073 Villablanca;Total;2001;2060
21073 Villablanca;Total;2000;2053
21073 Villablanca;Total;1999;2030
21073 Villablanca;Total;1998;2052
21074 Villalba del Alcor;Total;2019;3338
21074 Villalba del Alcor;Total;2018;3283
21074 Villalba del Alcor;Total;2017;3279
21074 Villalba del Alcor;Total;2016;3308
21074 Villalba del Alcor;Total;2015;3320
21074 Villalba del Alcor;Total;2014;3352
21074 Villalba del Alcor;Total;2013;3395
21074 Villalba del Alcor;Total;2012;3444
21074 Villalba del Alcor;Total;2011;3433
21074 Villalba del Alcor;Total;2010;3465
21074 Villalba del Alcor;Total;2009;3510
21074 Villalba del Alcor;Total;2008;3527
21074 Villalba del Alcor;Total;2007;3480
21074 Villalba del Alcor;Total;2006;3445
21074 Villalba del Alcor;Total;2005;3422
21074 Villalba del Alcor;Total;2004;3439
21074 Villalba del Alcor;Total;2003;3475
21074 Villalba del Alcor;Total;2002;3520
21074 Villalba del Alcor;Total;2001;3530
21074 Villalba del Alcor;Total;2000;3604
21074 Villalba del Alcor;Total;1999;3589
21074 Villalba del Alcor;Total;1998;3587
21075 Villanueva de las Cruces;Total;2019;373
21075 Villanueva de las Cruces;Total;2018;382
21075 Villanueva de las Cruces;Total;2017;386
21075 Villanueva de las Cruces;Total;2016;385
21075 Villanueva de las Cruces;Total;2015;379
21075 Villanueva de las Cruces;Total;2014;386
21075 Villanueva de las Cruces;Total;2013;400
21075 Villanueva de las Cruces;Total;2012;412
21075 Villanueva de las Cruces;Total;2011;418
21075 Villanueva de las Cruces;Total;2010;413
21075 Villanueva de las Cruces;Total;2009;415
21075 Villanueva de las Cruces;Total;2008;421
21075 Villanueva de las Cruces;Total;2007;416
21075 Villanueva de las Cruces;Total;2006;409
21075 Villanueva de las Cruces;Total;2005;410
21075 Villanueva de las Cruces;Total;2004;410
21075 Villanueva de las Cruces;Total;2003;400
21075 Villanueva de las Cruces;Total;2002;407
21075 Villanueva de las Cruces;Total;2001;429
21075 Villanueva de las Cruces;Total;2000;423
21075 Villanueva de las Cruces;Total;1999;430
21075 Villanueva de las Cruces;Total;1998;428
21076 Villanueva de los Castillejos;Total;2019;2820
21076 Villanueva de los Castillejos;Total;2018;2761
21076 Villanueva de los Castillejos;Total;2017;2747
21076 Villanueva de los Castillejos;Total;2016;2746
21076 Villanueva de los Castillejos;Total;2015;2747
21076 Villanueva de los Castillejos;Total;2014;2758
21076 Villanueva de los Castillejos;Total;2013;2759
21076 Villanueva de los Castillejos;Total;2012;2785
21076 Villanueva de los Castillejos;Total;2011;2762
21076 Villanueva de los Castillejos;Total;2010;2790
21076 Villanueva de los Castillejos;Total;2009;2812
21076 Villanueva de los Castillejos;Total;2008;2783
21076 Villanueva de los Castillejos;Total;2007;2769
21076 Villanueva de los Castillejos;Total;2006;2768
21076 Villanueva de los Castillejos;Total;2005;2720
21076 Villanueva de los Castillejos;Total;2004;2691
21076 Villanueva de los Castillejos;Total;2003;2667
21076 Villanueva de los Castillejos;Total;2002;2697
21076 Villanueva de los Castillejos;Total;2001;2672
21076 Villanueva de los Castillejos;Total;2000;2682
21076 Villanueva de los Castillejos;Total;1999;2707
21076 Villanueva de los Castillejos;Total;1998;2677
21077 Villarrasa;Total;2019;2176
21077 Villarrasa;Total;2018;2152
21077 Villarrasa;Total;2017;2172
21077 Villarrasa;Total;2016;2167
21077 Villarrasa;Total;2015;2162
21077 Villarrasa;Total;2014;2149
21077 Villarrasa;Total;2013;2219
21077 Villarrasa;Total;2012;2203
21077 Villarrasa;Total;2011;2191
21077 Villarrasa;Total;2010;2170
21077 Villarrasa;Total;2009;2151
21077 Villarrasa;Total;2008;2149
21077 Villarrasa;Total;2007;2142
21077 Villarrasa;Total;2006;2121
21077 Villarrasa;Total;2005;2095
21077 Villarrasa;Total;2004;2114
21077 Villarrasa;Total;2003;2074
21077 Villarrasa;Total;2002;2088
21077 Villarrasa;Total;2001;2103
21077 Villarrasa;Total;2000;2130
21077 Villarrasa;Total;1999;2071
21077 Villarrasa;Total;1998;2082
21078 Zalamea la Real;Total;2019;3068
21078 Zalamea la Real;Total;2018;3090
21078 Zalamea la Real;Total;2017;3093
21078 Zalamea la Real;Total;2016;3178
21078 Zalamea la Real;Total;2015;3210
21078 Zalamea la Real;Total;2014;3232
21078 Zalamea la Real;Total;2013;3329
21078 Zalamea la Real;Total;2012;3365
21078 Zalamea la Real;Total;2011;3380
21078 Zalamea la Real;Total;2010;3407
21078 Zalamea la Real;Total;2009;3414
21078 Zalamea la Real;Total;2008;3461
21078 Zalamea la Real;Total;2007;3477
21078 Zalamea la Real;Total;2006;3516
21078 Zalamea la Real;Total;2005;3547
21078 Zalamea la Real;Total;2004;3523
21078 Zalamea la Real;Total;2003;3534
21078 Zalamea la Real;Total;2002;3548
21078 Zalamea la Real;Total;2001;3547
21078 Zalamea la Real;Total;2000;3455
21078 Zalamea la Real;Total;1999;3497
21078 Zalamea la Real;Total;1998;3489
21902 Zarza-Perrunal, La	;Total;2019;1.267
21902 Zarza-Perrunal, La	;Total;2018;""
21902 Zarza-Perrunal, La	;Total;2017;""
21902 Zarza-Perrunal, La	;Total;2016;""
21902 Zarza-Perrunal, La	;Total;2015;""
21902 Zarza-Perrunal, La	;Total;2014;""
21902 Zarza-Perrunal, La	;Total;2013;""
21902 Zarza-Perrunal, La	;Total;2012;""
21902 Zarza-Perrunal, La	;Total;2011;""
21902 Zarza-Perrunal, La	;Total;2010;""
21902 Zarza-Perrunal, La	;Total;2009;""
21902 Zarza-Perrunal, La	;Total;2008;""
21902 Zarza-Perrunal, La	;Total;2007;""
21902 Zarza-Perrunal, La	;Total;2006;""
21902 Zarza-Perrunal, La	;Total;2005;""
21902 Zarza-Perrunal, La	;Total;2004;""
21902 Zarza-Perrunal, La	;Total;2003;""
21902 Zarza-Perrunal, La	;Total;2002;""
21902 Zarza-Perrunal, La	;Total;2001;""
21902 Zarza-Perrunal, La	;Total;2000;""
21902 Zarza-Perrunal, La	;Total;1999;""
21902 Zarza-Perrunal, La	;Total;1998;""
21079 Zufre;Total;2019;808
21079 Zufre;Total;2018;831
21079 Zufre;Total;2017;845
21079 Zufre;Total;2016;860
21079 Zufre;Total;2015;886
21079 Zufre;Total;2014;880
21079 Zufre;Total;2013;896
21079 Zufre;Total;2012;918
21079 Zufre;Total;2011;930
21079 Zufre;Total;2010;940
21079 Zufre;Total;2009;973
21079 Zufre;Total;2008;973
21079 Zufre;Total;2007;987
21079 Zufre;Total;2006;995
21079 Zufre;Total;2005;968
21079 Zufre;Total;2004;913
21079 Zufre;Total;2003;910
21079 Zufre;Total;2002;976
21079 Zufre;Total;2001;1017
21079 Zufre;Total;2000;1054
21079 Zufre;Total;1999;1112
21079 Zufre;Total;1998;1097
