Sexo;Municipios;Nacionalidad (principales nacionalidades);Total
Ambos sexos;04001 Abla;Total Unión Europea;0
Ambos sexos;04001 Abla;Reino Unido;0
Ambos sexos;04001 Abla;Alemania;0
Ambos sexos;04001 Abla;Total Africa;2
Ambos sexos;04001 Abla;Marruecos;2
Ambos sexos;04001 Abla;Total América;3
Ambos sexos;04001 Abla;Colombia;0
Ambos sexos;04001 Abla;Ecuador;2
Ambos sexos;04001 Abla;Total Asia;0
Ambos sexos;04001 Abla;Resto;0
Ambos sexos;04002 Abrucena;Total Unión Europea;1
Ambos sexos;04002 Abrucena;Reino Unido;0
Ambos sexos;04002 Abrucena;Alemania;1
Ambos sexos;04002 Abrucena;Total Africa;0
Ambos sexos;04002 Abrucena;Marruecos;0
Ambos sexos;04002 Abrucena;Total América;0
Ambos sexos;04002 Abrucena;Colombia;0
Ambos sexos;04002 Abrucena;Ecuador;0
Ambos sexos;04002 Abrucena;Total Asia;0
Ambos sexos;04002 Abrucena;Resto;0
Ambos sexos;04003 Adra;Total Unión Europea;74
Ambos sexos;04003 Adra;Reino Unido;16
Ambos sexos;04003 Adra;Alemania;30
Ambos sexos;04003 Adra;Total Africa;459
Ambos sexos;04003 Adra;Marruecos;443
Ambos sexos;04003 Adra;Total América;72
Ambos sexos;04003 Adra;Colombia;10
Ambos sexos;04003 Adra;Ecuador;5
Ambos sexos;04003 Adra;Total Asia;13
Ambos sexos;04003 Adra;Resto;0
Ambos sexos;04004 Albánchez;Total Unión Europea;16
Ambos sexos;04004 Albánchez;Reino Unido;15
Ambos sexos;04004 Albánchez;Alemania;0
Ambos sexos;04004 Albánchez;Total Africa;0
Ambos sexos;04004 Albánchez;Marruecos;0
Ambos sexos;04004 Albánchez;Total América;1
Ambos sexos;04004 Albánchez;Colombia;0
Ambos sexos;04004 Albánchez;Ecuador;0
Ambos sexos;04004 Albánchez;Total Asia;0
Ambos sexos;04004 Albánchez;Resto;0
Ambos sexos;04005 Alboloduy;Total Unión Europea;4
Ambos sexos;04005 Alboloduy;Reino Unido;0
Ambos sexos;04005 Alboloduy;Alemania;1
Ambos sexos;04005 Alboloduy;Total Africa;0
Ambos sexos;04005 Alboloduy;Marruecos;0
Ambos sexos;04005 Alboloduy;Total América;0
Ambos sexos;04005 Alboloduy;Colombia;0
Ambos sexos;04005 Alboloduy;Ecuador;0
Ambos sexos;04005 Alboloduy;Total Asia;0
Ambos sexos;04005 Alboloduy;Resto;0
Ambos sexos;04006 Albox;Total Unión Europea;195
Ambos sexos;04006 Albox;Reino Unido;169
Ambos sexos;04006 Albox;Alemania;6
Ambos sexos;04006 Albox;Total Africa;4
Ambos sexos;04006 Albox;Marruecos;3
Ambos sexos;04006 Albox;Total América;149
Ambos sexos;04006 Albox;Colombia;7
Ambos sexos;04006 Albox;Ecuador;90
Ambos sexos;04006 Albox;Total Asia;328
Ambos sexos;04006 Albox;Resto;0
Ambos sexos;04007 Alcolea;Total Unión Europea;1
Ambos sexos;04007 Alcolea;Reino Unido;0
Ambos sexos;04007 Alcolea;Alemania;1
Ambos sexos;04007 Alcolea;Total Africa;0
Ambos sexos;04007 Alcolea;Marruecos;0
Ambos sexos;04007 Alcolea;Total América;4
Ambos sexos;04007 Alcolea;Colombia;0
Ambos sexos;04007 Alcolea;Ecuador;3
Ambos sexos;04007 Alcolea;Total Asia;0
Ambos sexos;04007 Alcolea;Resto;0
Ambos sexos;04008 Alcóntar;Total Unión Europea;0
Ambos sexos;04008 Alcóntar;Reino Unido;0
Ambos sexos;04008 Alcóntar;Alemania;0
Ambos sexos;04008 Alcóntar;Total Africa;0
Ambos sexos;04008 Alcóntar;Marruecos;0
Ambos sexos;04008 Alcóntar;Total América;1
Ambos sexos;04008 Alcóntar;Colombia;0
Ambos sexos;04008 Alcóntar;Ecuador;0
Ambos sexos;04008 Alcóntar;Total Asia;0
Ambos sexos;04008 Alcóntar;Resto;0
Ambos sexos;04009 Alcudia de Monteagud;Total Unión Europea;0
Ambos sexos;04009 Alcudia de Monteagud;Reino Unido;0
Ambos sexos;04009 Alcudia de Monteagud;Alemania;0
Ambos sexos;04009 Alcudia de Monteagud;Total Africa;0
Ambos sexos;04009 Alcudia de Monteagud;Marruecos;0
Ambos sexos;04009 Alcudia de Monteagud;Total América;0
Ambos sexos;04009 Alcudia de Monteagud;Colombia;0
Ambos sexos;04009 Alcudia de Monteagud;Ecuador;0
Ambos sexos;04009 Alcudia de Monteagud;Total Asia;0
Ambos sexos;04009 Alcudia de Monteagud;Resto;0
Ambos sexos;04010 Alhabia;Total Unión Europea;1
Ambos sexos;04010 Alhabia;Reino Unido;0
Ambos sexos;04010 Alhabia;Alemania;0
Ambos sexos;04010 Alhabia;Total Africa;0
Ambos sexos;04010 Alhabia;Marruecos;0
Ambos sexos;04010 Alhabia;Total América;0
Ambos sexos;04010 Alhabia;Colombia;0
Ambos sexos;04010 Alhabia;Ecuador;0
Ambos sexos;04010 Alhabia;Total Asia;0
Ambos sexos;04010 Alhabia;Resto;0
Ambos sexos;04011 Alhama de Almería;Total Unión Europea;12
Ambos sexos;04011 Alhama de Almería;Reino Unido;0
Ambos sexos;04011 Alhama de Almería;Alemania;3
Ambos sexos;04011 Alhama de Almería;Total Africa;2
Ambos sexos;04011 Alhama de Almería;Marruecos;2
Ambos sexos;04011 Alhama de Almería;Total América;15
Ambos sexos;04011 Alhama de Almería;Colombia;0
Ambos sexos;04011 Alhama de Almería;Ecuador;0
Ambos sexos;04011 Alhama de Almería;Total Asia;1
Ambos sexos;04011 Alhama de Almería;Resto;0
Ambos sexos;04012 Alicún;Total Unión Europea;2
Ambos sexos;04012 Alicún;Reino Unido;0
Ambos sexos;04012 Alicún;Alemania;0
Ambos sexos;04012 Alicún;Total Africa;0
Ambos sexos;04012 Alicún;Marruecos;0
Ambos sexos;04012 Alicún;Total América;0
Ambos sexos;04012 Alicún;Colombia;0
Ambos sexos;04012 Alicún;Ecuador;0
Ambos sexos;04012 Alicún;Total Asia;0
Ambos sexos;04012 Alicún;Resto;0
Ambos sexos;04013 Almería;Total Unión Europea;563
Ambos sexos;04013 Almería;Reino Unido;107
Ambos sexos;04013 Almería;Alemania;91
Ambos sexos;04013 Almería;Total Africa;2329
Ambos sexos;04013 Almería;Marruecos;2083
Ambos sexos;04013 Almería;Total América;2139
Ambos sexos;04013 Almería;Colombia;651
Ambos sexos;04013 Almería;Ecuador;594
Ambos sexos;04013 Almería;Total Asia;339
Ambos sexos;04013 Almería;Resto;5
Ambos sexos;04014 Almócita;Total Unión Europea;0
Ambos sexos;04014 Almócita;Reino Unido;0
Ambos sexos;04014 Almócita;Alemania;0
Ambos sexos;04014 Almócita;Total Africa;0
Ambos sexos;04014 Almócita;Marruecos;0
Ambos sexos;04014 Almócita;Total América;0
Ambos sexos;04014 Almócita;Colombia;0
Ambos sexos;04014 Almócita;Ecuador;0
Ambos sexos;04014 Almócita;Total Asia;0
Ambos sexos;04014 Almócita;Resto;0
Ambos sexos;04015 Alsodux;Total Unión Europea;2
Ambos sexos;04015 Alsodux;Reino Unido;0
Ambos sexos;04015 Alsodux;Alemania;0
Ambos sexos;04015 Alsodux;Total Africa;0
Ambos sexos;04015 Alsodux;Marruecos;0
Ambos sexos;04015 Alsodux;Total América;0
Ambos sexos;04015 Alsodux;Colombia;0
Ambos sexos;04015 Alsodux;Ecuador;0
Ambos sexos;04015 Alsodux;Total Asia;0
Ambos sexos;04015 Alsodux;Resto;0
Ambos sexos;04016 Antas;Total Unión Europea;32
Ambos sexos;04016 Antas;Reino Unido;24
Ambos sexos;04016 Antas;Alemania;5
Ambos sexos;04016 Antas;Total Africa;23
Ambos sexos;04016 Antas;Marruecos;22
Ambos sexos;04016 Antas;Total América;132
Ambos sexos;04016 Antas;Colombia;0
Ambos sexos;04016 Antas;Ecuador;111
Ambos sexos;04016 Antas;Total Asia;0
Ambos sexos;04016 Antas;Resto;0
Ambos sexos;04017 Arboleas;Total Unión Europea;196
Ambos sexos;04017 Arboleas;Reino Unido;183
Ambos sexos;04017 Arboleas;Alemania;4
Ambos sexos;04017 Arboleas;Total Africa;1
Ambos sexos;04017 Arboleas;Marruecos;0
Ambos sexos;04017 Arboleas;Total América;27
Ambos sexos;04017 Arboleas;Colombia;1
Ambos sexos;04017 Arboleas;Ecuador;0
Ambos sexos;04017 Arboleas;Total Asia;0
Ambos sexos;04017 Arboleas;Resto;0
Ambos sexos;04018 Armuña de Almanzora;Total Unión Europea;0
Ambos sexos;04018 Armuña de Almanzora;Reino Unido;0
Ambos sexos;04018 Armuña de Almanzora;Alemania;0
Ambos sexos;04018 Armuña de Almanzora;Total Africa;0
Ambos sexos;04018 Armuña de Almanzora;Marruecos;0
Ambos sexos;04018 Armuña de Almanzora;Total América;0
Ambos sexos;04018 Armuña de Almanzora;Colombia;0
Ambos sexos;04018 Armuña de Almanzora;Ecuador;0
Ambos sexos;04018 Armuña de Almanzora;Total Asia;0
Ambos sexos;04018 Armuña de Almanzora;Resto;0
Ambos sexos;04019 Bacares;Total Unión Europea;1
Ambos sexos;04019 Bacares;Reino Unido;0
Ambos sexos;04019 Bacares;Alemania;0
Ambos sexos;04019 Bacares;Total Africa;0
Ambos sexos;04019 Bacares;Marruecos;0
Ambos sexos;04019 Bacares;Total América;0
Ambos sexos;04019 Bacares;Colombia;0
Ambos sexos;04019 Bacares;Ecuador;0
Ambos sexos;04019 Bacares;Total Asia;0
Ambos sexos;04019 Bacares;Resto;0
Ambos sexos;04020 Bayárcal;Total Unión Europea;0
Ambos sexos;04020 Bayárcal;Reino Unido;0
Ambos sexos;04020 Bayárcal;Alemania;0
Ambos sexos;04020 Bayárcal;Total Africa;0
Ambos sexos;04020 Bayárcal;Marruecos;0
Ambos sexos;04020 Bayárcal;Total América;0
Ambos sexos;04020 Bayárcal;Colombia;0
Ambos sexos;04020 Bayárcal;Ecuador;0
Ambos sexos;04020 Bayárcal;Total Asia;0
Ambos sexos;04020 Bayárcal;Resto;0
Ambos sexos;04021 Bayarque;Total Unión Europea;0
Ambos sexos;04021 Bayarque;Reino Unido;0
Ambos sexos;04021 Bayarque;Alemania;0
Ambos sexos;04021 Bayarque;Total Africa;0
Ambos sexos;04021 Bayarque;Marruecos;0
Ambos sexos;04021 Bayarque;Total América;0
Ambos sexos;04021 Bayarque;Colombia;0
Ambos sexos;04021 Bayarque;Ecuador;0
Ambos sexos;04021 Bayarque;Total Asia;0
Ambos sexos;04021 Bayarque;Resto;0
Ambos sexos;04022 Bédar;Total Unión Europea;202
Ambos sexos;04022 Bédar;Reino Unido;151
Ambos sexos;04022 Bédar;Alemania;28
Ambos sexos;04022 Bédar;Total Africa;1
Ambos sexos;04022 Bédar;Marruecos;0
Ambos sexos;04022 Bédar;Total América;4
Ambos sexos;04022 Bédar;Colombia;0
Ambos sexos;04022 Bédar;Ecuador;2
Ambos sexos;04022 Bédar;Total Asia;3
Ambos sexos;04022 Bédar;Resto;2
Ambos sexos;04023 Beires;Total Unión Europea;0
Ambos sexos;04023 Beires;Reino Unido;0
Ambos sexos;04023 Beires;Alemania;0
Ambos sexos;04023 Beires;Total Africa;0
Ambos sexos;04023 Beires;Marruecos;0
Ambos sexos;04023 Beires;Total América;0
Ambos sexos;04023 Beires;Colombia;0
Ambos sexos;04023 Beires;Ecuador;0
Ambos sexos;04023 Beires;Total Asia;0
Ambos sexos;04023 Beires;Resto;0
Ambos sexos;04024 Benahadux;Total Unión Europea;8
Ambos sexos;04024 Benahadux;Reino Unido;0
Ambos sexos;04024 Benahadux;Alemania;0
Ambos sexos;04024 Benahadux;Total Africa;2
Ambos sexos;04024 Benahadux;Marruecos;1
Ambos sexos;04024 Benahadux;Total América;11
Ambos sexos;04024 Benahadux;Colombia;0
Ambos sexos;04024 Benahadux;Ecuador;2
Ambos sexos;04024 Benahadux;Total Asia;0
Ambos sexos;04024 Benahadux;Resto;0
Ambos sexos;04026 Benitagla;Total Unión Europea;0
Ambos sexos;04026 Benitagla;Reino Unido;0
Ambos sexos;04026 Benitagla;Alemania;0
Ambos sexos;04026 Benitagla;Total Africa;0
Ambos sexos;04026 Benitagla;Marruecos;0
Ambos sexos;04026 Benitagla;Total América;0
Ambos sexos;04026 Benitagla;Colombia;0
Ambos sexos;04026 Benitagla;Ecuador;0
Ambos sexos;04026 Benitagla;Total Asia;0
Ambos sexos;04026 Benitagla;Resto;0
Ambos sexos;04027 Benizalón;Total Unión Europea;2
Ambos sexos;04027 Benizalón;Reino Unido;0
Ambos sexos;04027 Benizalón;Alemania;0
Ambos sexos;04027 Benizalón;Total Africa;0
Ambos sexos;04027 Benizalón;Marruecos;0
Ambos sexos;04027 Benizalón;Total América;4
Ambos sexos;04027 Benizalón;Colombia;2
Ambos sexos;04027 Benizalón;Ecuador;2
Ambos sexos;04027 Benizalón;Total Asia;0
Ambos sexos;04027 Benizalón;Resto;0
Ambos sexos;04028 Bentarique;Total Unión Europea;0
Ambos sexos;04028 Bentarique;Reino Unido;0
Ambos sexos;04028 Bentarique;Alemania;0
Ambos sexos;04028 Bentarique;Total Africa;0
Ambos sexos;04028 Bentarique;Marruecos;0
Ambos sexos;04028 Bentarique;Total América;0
Ambos sexos;04028 Bentarique;Colombia;0
Ambos sexos;04028 Bentarique;Ecuador;0
Ambos sexos;04028 Bentarique;Total Asia;0
Ambos sexos;04028 Bentarique;Resto;0
Ambos sexos;04029 Berja;Total Unión Europea;47
Ambos sexos;04029 Berja;Reino Unido;9
Ambos sexos;04029 Berja;Alemania;8
Ambos sexos;04029 Berja;Total Africa;184
Ambos sexos;04029 Berja;Marruecos;178
Ambos sexos;04029 Berja;Total América;51
Ambos sexos;04029 Berja;Colombia;9
Ambos sexos;04029 Berja;Ecuador;10
Ambos sexos;04029 Berja;Total Asia;3
Ambos sexos;04029 Berja;Resto;1
Ambos sexos;04030 Canjáyar;Total Unión Europea;1
Ambos sexos;04030 Canjáyar;Reino Unido;0
Ambos sexos;04030 Canjáyar;Alemania;1
Ambos sexos;04030 Canjáyar;Total Africa;0
Ambos sexos;04030 Canjáyar;Marruecos;0
Ambos sexos;04030 Canjáyar;Total América;0
Ambos sexos;04030 Canjáyar;Colombia;0
Ambos sexos;04030 Canjáyar;Ecuador;0
Ambos sexos;04030 Canjáyar;Total Asia;0
Ambos sexos;04030 Canjáyar;Resto;0
Ambos sexos;04031 Cantoria;Total Unión Europea;110
Ambos sexos;04031 Cantoria;Reino Unido;93
Ambos sexos;04031 Cantoria;Alemania;5
Ambos sexos;04031 Cantoria;Total Africa;2
Ambos sexos;04031 Cantoria;Marruecos;0
Ambos sexos;04031 Cantoria;Total América;23
Ambos sexos;04031 Cantoria;Colombia;7
Ambos sexos;04031 Cantoria;Ecuador;9
Ambos sexos;04031 Cantoria;Total Asia;2
Ambos sexos;04031 Cantoria;Resto;1
Ambos sexos;04032 Carboneras;Total Unión Europea;112
Ambos sexos;04032 Carboneras;Reino Unido;39
Ambos sexos;04032 Carboneras;Alemania;18
Ambos sexos;04032 Carboneras;Total Africa;102
Ambos sexos;04032 Carboneras;Marruecos;79
Ambos sexos;04032 Carboneras;Total América;30
Ambos sexos;04032 Carboneras;Colombia;3
Ambos sexos;04032 Carboneras;Ecuador;21
Ambos sexos;04032 Carboneras;Total Asia;1
Ambos sexos;04032 Carboneras;Resto;0
Ambos sexos;04033 Castro de Filabres;Total Unión Europea;0
Ambos sexos;04033 Castro de Filabres;Reino Unido;0
Ambos sexos;04033 Castro de Filabres;Alemania;0
Ambos sexos;04033 Castro de Filabres;Total Africa;0
Ambos sexos;04033 Castro de Filabres;Marruecos;0
Ambos sexos;04033 Castro de Filabres;Total América;0
Ambos sexos;04033 Castro de Filabres;Colombia;0
Ambos sexos;04033 Castro de Filabres;Ecuador;0
Ambos sexos;04033 Castro de Filabres;Total Asia;0
Ambos sexos;04033 Castro de Filabres;Resto;0
Ambos sexos;04034 Cóbdar;Total Unión Europea;1
Ambos sexos;04034 Cóbdar;Reino Unido;0
Ambos sexos;04034 Cóbdar;Alemania;1
Ambos sexos;04034 Cóbdar;Total Africa;1
Ambos sexos;04034 Cóbdar;Marruecos;0
Ambos sexos;04034 Cóbdar;Total América;8
Ambos sexos;04034 Cóbdar;Colombia;0
Ambos sexos;04034 Cóbdar;Ecuador;7
Ambos sexos;04034 Cóbdar;Total Asia;0
Ambos sexos;04034 Cóbdar;Resto;0
Ambos sexos;04035 Cuevas del Almanzora;Total Unión Europea;160
Ambos sexos;04035 Cuevas del Almanzora;Reino Unido;75
Ambos sexos;04035 Cuevas del Almanzora;Alemania;21
Ambos sexos;04035 Cuevas del Almanzora;Total Africa;120
Ambos sexos;04035 Cuevas del Almanzora;Marruecos;91
Ambos sexos;04035 Cuevas del Almanzora;Total América;550
Ambos sexos;04035 Cuevas del Almanzora;Colombia;18
Ambos sexos;04035 Cuevas del Almanzora;Ecuador;515
Ambos sexos;04035 Cuevas del Almanzora;Total Asia;2
Ambos sexos;04035 Cuevas del Almanzora;Resto;0
Ambos sexos;04036 Chercos;Total Unión Europea;0
Ambos sexos;04036 Chercos;Reino Unido;0
Ambos sexos;04036 Chercos;Alemania;0
Ambos sexos;04036 Chercos;Total Africa;0
Ambos sexos;04036 Chercos;Marruecos;0
Ambos sexos;04036 Chercos;Total América;0
Ambos sexos;04036 Chercos;Colombia;0
Ambos sexos;04036 Chercos;Ecuador;0
Ambos sexos;04036 Chercos;Total Asia;0
Ambos sexos;04036 Chercos;Resto;0
Ambos sexos;04037 Chirivel;Total Unión Europea;13
Ambos sexos;04037 Chirivel;Reino Unido;6
Ambos sexos;04037 Chirivel;Alemania;1
Ambos sexos;04037 Chirivel;Total Africa;0
Ambos sexos;04037 Chirivel;Marruecos;0
Ambos sexos;04037 Chirivel;Total América;1
Ambos sexos;04037 Chirivel;Colombia;0
Ambos sexos;04037 Chirivel;Ecuador;1
Ambos sexos;04037 Chirivel;Total Asia;0
Ambos sexos;04037 Chirivel;Resto;0
Ambos sexos;04038 Dalías;Total Unión Europea;3
Ambos sexos;04038 Dalías;Reino Unido;1
Ambos sexos;04038 Dalías;Alemania;0
Ambos sexos;04038 Dalías;Total Africa;39
Ambos sexos;04038 Dalías;Marruecos;39
Ambos sexos;04038 Dalías;Total América;4
Ambos sexos;04038 Dalías;Colombia;1
Ambos sexos;04038 Dalías;Ecuador;0
Ambos sexos;04038 Dalías;Total Asia;0
Ambos sexos;04038 Dalías;Resto;0
Ambos sexos;04041 Enix;Total Unión Europea;14
Ambos sexos;04041 Enix;Reino Unido;7
Ambos sexos;04041 Enix;Alemania;4
Ambos sexos;04041 Enix;Total Africa;0
Ambos sexos;04041 Enix;Marruecos;0
Ambos sexos;04041 Enix;Total América;4
Ambos sexos;04041 Enix;Colombia;2
Ambos sexos;04041 Enix;Ecuador;0
Ambos sexos;04041 Enix;Total Asia;0
Ambos sexos;04041 Enix;Resto;0
Ambos sexos;04043 Felix;Total Unión Europea;14
Ambos sexos;04043 Felix;Reino Unido;5
Ambos sexos;04043 Felix;Alemania;7
Ambos sexos;04043 Felix;Total Africa;0
Ambos sexos;04043 Felix;Marruecos;0
Ambos sexos;04043 Felix;Total América;1
Ambos sexos;04043 Felix;Colombia;0
Ambos sexos;04043 Felix;Ecuador;0
Ambos sexos;04043 Felix;Total Asia;0
Ambos sexos;04043 Felix;Resto;0
Ambos sexos;04044 Fines;Total Unión Europea;7
Ambos sexos;04044 Fines;Reino Unido;2
Ambos sexos;04044 Fines;Alemania;4
Ambos sexos;04044 Fines;Total Africa;37
Ambos sexos;04044 Fines;Marruecos;31
Ambos sexos;04044 Fines;Total América;43
Ambos sexos;04044 Fines;Colombia;24
Ambos sexos;04044 Fines;Ecuador;13
Ambos sexos;04044 Fines;Total Asia;1
Ambos sexos;04044 Fines;Resto;0
Ambos sexos;04045 Fiñana;Total Unión Europea;1
Ambos sexos;04045 Fiñana;Reino Unido;0
Ambos sexos;04045 Fiñana;Alemania;0
Ambos sexos;04045 Fiñana;Total Africa;0
Ambos sexos;04045 Fiñana;Marruecos;0
Ambos sexos;04045 Fiñana;Total América;0
Ambos sexos;04045 Fiñana;Colombia;0
Ambos sexos;04045 Fiñana;Ecuador;0
Ambos sexos;04045 Fiñana;Total Asia;0
Ambos sexos;04045 Fiñana;Resto;0
Ambos sexos;04046 Fondón;Total Unión Europea;1
Ambos sexos;04046 Fondón;Reino Unido;0
Ambos sexos;04046 Fondón;Alemania;0
Ambos sexos;04046 Fondón;Total Africa;0
Ambos sexos;04046 Fondón;Marruecos;0
Ambos sexos;04046 Fondón;Total América;1
Ambos sexos;04046 Fondón;Colombia;0
Ambos sexos;04046 Fondón;Ecuador;0
Ambos sexos;04046 Fondón;Total Asia;0
Ambos sexos;04046 Fondón;Resto;0
Ambos sexos;04047 Gádor;Total Unión Europea;9
Ambos sexos;04047 Gádor;Reino Unido;3
Ambos sexos;04047 Gádor;Alemania;2
Ambos sexos;04047 Gádor;Total Africa;2
Ambos sexos;04047 Gádor;Marruecos;2
Ambos sexos;04047 Gádor;Total América;5
Ambos sexos;04047 Gádor;Colombia;0
Ambos sexos;04047 Gádor;Ecuador;0
Ambos sexos;04047 Gádor;Total Asia;0
Ambos sexos;04047 Gádor;Resto;0
Ambos sexos;04048 Gallardos (Los);Total Unión Europea;195
Ambos sexos;04048 Gallardos (Los);Reino Unido;147
Ambos sexos;04048 Gallardos (Los);Alemania;10
Ambos sexos;04048 Gallardos (Los);Total Africa;9
Ambos sexos;04048 Gallardos (Los);Marruecos;9
Ambos sexos;04048 Gallardos (Los);Total América;110
Ambos sexos;04048 Gallardos (Los);Colombia;3
Ambos sexos;04048 Gallardos (Los);Ecuador;103
Ambos sexos;04048 Gallardos (Los);Total Asia;1
Ambos sexos;04048 Gallardos (Los);Resto;0
Ambos sexos;04049 Garrucha;Total Unión Europea;125
Ambos sexos;04049 Garrucha;Reino Unido;53
Ambos sexos;04049 Garrucha;Alemania;14
Ambos sexos;04049 Garrucha;Total Africa;72
Ambos sexos;04049 Garrucha;Marruecos;58
Ambos sexos;04049 Garrucha;Total América;167
Ambos sexos;04049 Garrucha;Colombia;79
Ambos sexos;04049 Garrucha;Ecuador;38
Ambos sexos;04049 Garrucha;Total Asia;17
Ambos sexos;04049 Garrucha;Resto;0
Ambos sexos;04050 Gérgal;Total Unión Europea;1
Ambos sexos;04050 Gérgal;Reino Unido;0
Ambos sexos;04050 Gérgal;Alemania;1
Ambos sexos;04050 Gérgal;Total Africa;0
Ambos sexos;04050 Gérgal;Marruecos;0
Ambos sexos;04050 Gérgal;Total América;5
Ambos sexos;04050 Gérgal;Colombia;3
Ambos sexos;04050 Gérgal;Ecuador;2
Ambos sexos;04050 Gérgal;Total Asia;0
Ambos sexos;04050 Gérgal;Resto;0
Ambos sexos;04051 Huécija;Total Unión Europea;0
Ambos sexos;04051 Huécija;Reino Unido;0
Ambos sexos;04051 Huécija;Alemania;0
Ambos sexos;04051 Huécija;Total Africa;0
Ambos sexos;04051 Huécija;Marruecos;0
Ambos sexos;04051 Huécija;Total América;0
Ambos sexos;04051 Huécija;Colombia;0
Ambos sexos;04051 Huécija;Ecuador;0
Ambos sexos;04051 Huécija;Total Asia;0
Ambos sexos;04051 Huécija;Resto;0
Ambos sexos;04052 Huércal de Almería;Total Unión Europea;16
Ambos sexos;04052 Huércal de Almería;Reino Unido;0
Ambos sexos;04052 Huércal de Almería;Alemania;9
Ambos sexos;04052 Huércal de Almería;Total Africa;15
Ambos sexos;04052 Huércal de Almería;Marruecos;5
Ambos sexos;04052 Huércal de Almería;Total América;38
Ambos sexos;04052 Huércal de Almería;Colombia;12
Ambos sexos;04052 Huércal de Almería;Ecuador;8
Ambos sexos;04052 Huércal de Almería;Total Asia;6
Ambos sexos;04052 Huércal de Almería;Resto;0
Ambos sexos;04053 Huércal-Overa;Total Unión Europea;123
Ambos sexos;04053 Huércal-Overa;Reino Unido;75
Ambos sexos;04053 Huércal-Overa;Alemania;10
Ambos sexos;04053 Huércal-Overa;Total Africa;31
Ambos sexos;04053 Huércal-Overa;Marruecos;16
Ambos sexos;04053 Huércal-Overa;Total América;370
Ambos sexos;04053 Huércal-Overa;Colombia;181
Ambos sexos;04053 Huércal-Overa;Ecuador;111
Ambos sexos;04053 Huércal-Overa;Total Asia;18
Ambos sexos;04053 Huércal-Overa;Resto;0
Ambos sexos;04054 Illar;Total Unión Europea;0
Ambos sexos;04054 Illar;Reino Unido;0
Ambos sexos;04054 Illar;Alemania;0
Ambos sexos;04054 Illar;Total Africa;1
Ambos sexos;04054 Illar;Marruecos;1
Ambos sexos;04054 Illar;Total América;0
Ambos sexos;04054 Illar;Colombia;0
Ambos sexos;04054 Illar;Ecuador;0
Ambos sexos;04054 Illar;Total Asia;0
Ambos sexos;04054 Illar;Resto;0
Ambos sexos;04055 Instinción;Total Unión Europea;0
Ambos sexos;04055 Instinción;Reino Unido;0
Ambos sexos;04055 Instinción;Alemania;0
Ambos sexos;04055 Instinción;Total Africa;0
Ambos sexos;04055 Instinción;Marruecos;0
Ambos sexos;04055 Instinción;Total América;0
Ambos sexos;04055 Instinción;Colombia;0
Ambos sexos;04055 Instinción;Ecuador;0
Ambos sexos;04055 Instinción;Total Asia;0
Ambos sexos;04055 Instinción;Resto;0
Ambos sexos;04056 Laroya;Total Unión Europea;1
Ambos sexos;04056 Laroya;Reino Unido;0
Ambos sexos;04056 Laroya;Alemania;0
Ambos sexos;04056 Laroya;Total Africa;0
Ambos sexos;04056 Laroya;Marruecos;0
Ambos sexos;04056 Laroya;Total América;0
Ambos sexos;04056 Laroya;Colombia;0
Ambos sexos;04056 Laroya;Ecuador;0
Ambos sexos;04056 Laroya;Total Asia;0
Ambos sexos;04056 Laroya;Resto;0
Ambos sexos;04057 Láujar de Andarax;Total Unión Europea;4
Ambos sexos;04057 Láujar de Andarax;Reino Unido;1
Ambos sexos;04057 Láujar de Andarax;Alemania;1
Ambos sexos;04057 Láujar de Andarax;Total Africa;4
Ambos sexos;04057 Láujar de Andarax;Marruecos;4
Ambos sexos;04057 Láujar de Andarax;Total América;2
Ambos sexos;04057 Láujar de Andarax;Colombia;0
Ambos sexos;04057 Láujar de Andarax;Ecuador;0
Ambos sexos;04057 Láujar de Andarax;Total Asia;0
Ambos sexos;04057 Láujar de Andarax;Resto;0
Ambos sexos;04058 Líjar;Total Unión Europea;0
Ambos sexos;04058 Líjar;Reino Unido;0
Ambos sexos;04058 Líjar;Alemania;0
Ambos sexos;04058 Líjar;Total Africa;0
Ambos sexos;04058 Líjar;Marruecos;0
Ambos sexos;04058 Líjar;Total América;6
Ambos sexos;04058 Líjar;Colombia;0
Ambos sexos;04058 Líjar;Ecuador;3
Ambos sexos;04058 Líjar;Total Asia;0
Ambos sexos;04058 Líjar;Resto;0
Ambos sexos;04059 Lubrín;Total Unión Europea;23
Ambos sexos;04059 Lubrín;Reino Unido;13
Ambos sexos;04059 Lubrín;Alemania;3
Ambos sexos;04059 Lubrín;Total Africa;1
Ambos sexos;04059 Lubrín;Marruecos;0
Ambos sexos;04059 Lubrín;Total América;11
Ambos sexos;04059 Lubrín;Colombia;0
Ambos sexos;04059 Lubrín;Ecuador;3
Ambos sexos;04059 Lubrín;Total Asia;2
Ambos sexos;04059 Lubrín;Resto;0
Ambos sexos;04060 Lucainena de las Torres;Total Unión Europea;4
Ambos sexos;04060 Lucainena de las Torres;Reino Unido;1
Ambos sexos;04060 Lucainena de las Torres;Alemania;1
Ambos sexos;04060 Lucainena de las Torres;Total Africa;25
Ambos sexos;04060 Lucainena de las Torres;Marruecos;20
Ambos sexos;04060 Lucainena de las Torres;Total América;26
Ambos sexos;04060 Lucainena de las Torres;Colombia;0
Ambos sexos;04060 Lucainena de las Torres;Ecuador;25
Ambos sexos;04060 Lucainena de las Torres;Total Asia;0
Ambos sexos;04060 Lucainena de las Torres;Resto;0
Ambos sexos;04061 Lúcar;Total Unión Europea;2
Ambos sexos;04061 Lúcar;Reino Unido;0
Ambos sexos;04061 Lúcar;Alemania;0
Ambos sexos;04061 Lúcar;Total Africa;0
Ambos sexos;04061 Lúcar;Marruecos;0
Ambos sexos;04061 Lúcar;Total América;4
Ambos sexos;04061 Lúcar;Colombia;0
Ambos sexos;04061 Lúcar;Ecuador;0
Ambos sexos;04061 Lúcar;Total Asia;0
Ambos sexos;04061 Lúcar;Resto;0
Ambos sexos;04062 Macael;Total Unión Europea;13
Ambos sexos;04062 Macael;Reino Unido;1
Ambos sexos;04062 Macael;Alemania;1
Ambos sexos;04062 Macael;Total Africa;1
Ambos sexos;04062 Macael;Marruecos;0
Ambos sexos;04062 Macael;Total América;101
Ambos sexos;04062 Macael;Colombia;4
Ambos sexos;04062 Macael;Ecuador;78
Ambos sexos;04062 Macael;Total Asia;0
Ambos sexos;04062 Macael;Resto;0
Ambos sexos;04063 María;Total Unión Europea;1
Ambos sexos;04063 María;Reino Unido;0
Ambos sexos;04063 María;Alemania;0
Ambos sexos;04063 María;Total Africa;3
Ambos sexos;04063 María;Marruecos;3
Ambos sexos;04063 María;Total América;2
Ambos sexos;04063 María;Colombia;0
Ambos sexos;04063 María;Ecuador;2
Ambos sexos;04063 María;Total Asia;0
Ambos sexos;04063 María;Resto;0
Ambos sexos;04064 Mojácar;Total Unión Europea;2277
Ambos sexos;04064 Mojácar;Reino Unido;1604
Ambos sexos;04064 Mojácar;Alemania;262
Ambos sexos;04064 Mojácar;Total Africa;12
Ambos sexos;04064 Mojácar;Marruecos;9
Ambos sexos;04064 Mojácar;Total América;176
Ambos sexos;04064 Mojácar;Colombia;26
Ambos sexos;04064 Mojácar;Ecuador;26
Ambos sexos;04064 Mojácar;Total Asia;37
Ambos sexos;04064 Mojácar;Resto;4
Ambos sexos;04065 Nacimiento;Total Unión Europea;0
Ambos sexos;04065 Nacimiento;Reino Unido;0
Ambos sexos;04065 Nacimiento;Alemania;0
Ambos sexos;04065 Nacimiento;Total Africa;0
Ambos sexos;04065 Nacimiento;Marruecos;0
Ambos sexos;04065 Nacimiento;Total América;0
Ambos sexos;04065 Nacimiento;Colombia;0
Ambos sexos;04065 Nacimiento;Ecuador;0
Ambos sexos;04065 Nacimiento;Total Asia;0
Ambos sexos;04065 Nacimiento;Resto;0
Ambos sexos;04066 Níjar;Total Unión Europea;284
Ambos sexos;04066 Níjar;Reino Unido;57
Ambos sexos;04066 Níjar;Alemania;103
Ambos sexos;04066 Níjar;Total Africa;2274
Ambos sexos;04066 Níjar;Marruecos;2136
Ambos sexos;04066 Níjar;Total América;152
Ambos sexos;04066 Níjar;Colombia;22
Ambos sexos;04066 Níjar;Ecuador;54
Ambos sexos;04066 Níjar;Total Asia;1
Ambos sexos;04066 Níjar;Resto;1
Ambos sexos;04067 Ohanes;Total Unión Europea;2
Ambos sexos;04067 Ohanes;Reino Unido;0
Ambos sexos;04067 Ohanes;Alemania;0
Ambos sexos;04067 Ohanes;Total Africa;0
Ambos sexos;04067 Ohanes;Marruecos;0
Ambos sexos;04067 Ohanes;Total América;0
Ambos sexos;04067 Ohanes;Colombia;0
Ambos sexos;04067 Ohanes;Ecuador;0
Ambos sexos;04067 Ohanes;Total Asia;0
Ambos sexos;04067 Ohanes;Resto;0
Ambos sexos;04068 Olula de Castro;Total Unión Europea;6
Ambos sexos;04068 Olula de Castro;Reino Unido;5
Ambos sexos;04068 Olula de Castro;Alemania;0
Ambos sexos;04068 Olula de Castro;Total Africa;0
Ambos sexos;04068 Olula de Castro;Marruecos;0
Ambos sexos;04068 Olula de Castro;Total América;0
Ambos sexos;04068 Olula de Castro;Colombia;0
Ambos sexos;04068 Olula de Castro;Ecuador;0
Ambos sexos;04068 Olula de Castro;Total Asia;0
Ambos sexos;04068 Olula de Castro;Resto;0
Ambos sexos;04069 Olula del Río;Total Unión Europea;10
Ambos sexos;04069 Olula del Río;Reino Unido;2
Ambos sexos;04069 Olula del Río;Alemania;0
Ambos sexos;04069 Olula del Río;Total Africa;40
Ambos sexos;04069 Olula del Río;Marruecos;33
Ambos sexos;04069 Olula del Río;Total América;60
Ambos sexos;04069 Olula del Río;Colombia;5
Ambos sexos;04069 Olula del Río;Ecuador;39
Ambos sexos;04069 Olula del Río;Total Asia;0
Ambos sexos;04069 Olula del Río;Resto;0
Ambos sexos;04070 Oria;Total Unión Europea;95
Ambos sexos;04070 Oria;Reino Unido;88
Ambos sexos;04070 Oria;Alemania;1
Ambos sexos;04070 Oria;Total Africa;4
Ambos sexos;04070 Oria;Marruecos;4
Ambos sexos;04070 Oria;Total América;10
Ambos sexos;04070 Oria;Colombia;0
Ambos sexos;04070 Oria;Ecuador;6
Ambos sexos;04070 Oria;Total Asia;0
Ambos sexos;04070 Oria;Resto;1
Ambos sexos;04071 Padules;Total Unión Europea;0
Ambos sexos;04071 Padules;Reino Unido;0
Ambos sexos;04071 Padules;Alemania;0
Ambos sexos;04071 Padules;Total Africa;0
Ambos sexos;04071 Padules;Marruecos;0
Ambos sexos;04071 Padules;Total América;0
Ambos sexos;04071 Padules;Colombia;0
Ambos sexos;04071 Padules;Ecuador;0
Ambos sexos;04071 Padules;Total Asia;0
Ambos sexos;04071 Padules;Resto;0
Ambos sexos;04072 Partaloa;Total Unión Europea;31
Ambos sexos;04072 Partaloa;Reino Unido;30
Ambos sexos;04072 Partaloa;Alemania;0
Ambos sexos;04072 Partaloa;Total Africa;0
Ambos sexos;04072 Partaloa;Marruecos;0
Ambos sexos;04072 Partaloa;Total América;3
Ambos sexos;04072 Partaloa;Colombia;2
Ambos sexos;04072 Partaloa;Ecuador;1
Ambos sexos;04072 Partaloa;Total Asia;0
Ambos sexos;04072 Partaloa;Resto;0
Ambos sexos;04073 Paterna del Río;Total Unión Europea;1
Ambos sexos;04073 Paterna del Río;Reino Unido;0
Ambos sexos;04073 Paterna del Río;Alemania;0
Ambos sexos;04073 Paterna del Río;Total Africa;0
Ambos sexos;04073 Paterna del Río;Marruecos;0
Ambos sexos;04073 Paterna del Río;Total América;0
Ambos sexos;04073 Paterna del Río;Colombia;0
Ambos sexos;04073 Paterna del Río;Ecuador;0
Ambos sexos;04073 Paterna del Río;Total Asia;0
Ambos sexos;04073 Paterna del Río;Resto;0
Ambos sexos;04074 Pechina;Total Unión Europea;31
Ambos sexos;04074 Pechina;Reino Unido;2
Ambos sexos;04074 Pechina;Alemania;13
Ambos sexos;04074 Pechina;Total Africa;7
Ambos sexos;04074 Pechina;Marruecos;5
Ambos sexos;04074 Pechina;Total América;3
Ambos sexos;04074 Pechina;Colombia;1
Ambos sexos;04074 Pechina;Ecuador;0
Ambos sexos;04074 Pechina;Total Asia;0
Ambos sexos;04074 Pechina;Resto;0
Ambos sexos;04075 Pulpí;Total Unión Europea;199
Ambos sexos;04075 Pulpí;Reino Unido;16
Ambos sexos;04075 Pulpí;Alemania;38
Ambos sexos;04075 Pulpí;Total Africa;193
Ambos sexos;04075 Pulpí;Marruecos;178
Ambos sexos;04075 Pulpí;Total América;678
Ambos sexos;04075 Pulpí;Colombia;21
Ambos sexos;04075 Pulpí;Ecuador;632
Ambos sexos;04075 Pulpí;Total Asia;0
Ambos sexos;04075 Pulpí;Resto;0
Ambos sexos;04076 Purchena;Total Unión Europea;7
Ambos sexos;04076 Purchena;Reino Unido;4
Ambos sexos;04076 Purchena;Alemania;0
Ambos sexos;04076 Purchena;Total Africa;0
Ambos sexos;04076 Purchena;Marruecos;0
Ambos sexos;04076 Purchena;Total América;4
Ambos sexos;04076 Purchena;Colombia;0
Ambos sexos;04076 Purchena;Ecuador;1
Ambos sexos;04076 Purchena;Total Asia;0
Ambos sexos;04076 Purchena;Resto;0
Ambos sexos;04077 Rágol;Total Unión Europea;0
Ambos sexos;04077 Rágol;Reino Unido;0
Ambos sexos;04077 Rágol;Alemania;0
Ambos sexos;04077 Rágol;Total Africa;0
Ambos sexos;04077 Rágol;Marruecos;0
Ambos sexos;04077 Rágol;Total América;0
Ambos sexos;04077 Rágol;Colombia;0
Ambos sexos;04077 Rágol;Ecuador;0
Ambos sexos;04077 Rágol;Total Asia;0
Ambos sexos;04077 Rágol;Resto;0
Ambos sexos;04078 Rioja;Total Unión Europea;12
Ambos sexos;04078 Rioja;Reino Unido;1
Ambos sexos;04078 Rioja;Alemania;3
Ambos sexos;04078 Rioja;Total Africa;0
Ambos sexos;04078 Rioja;Marruecos;0
Ambos sexos;04078 Rioja;Total América;6
Ambos sexos;04078 Rioja;Colombia;0
Ambos sexos;04078 Rioja;Ecuador;1
Ambos sexos;04078 Rioja;Total Asia;0
Ambos sexos;04078 Rioja;Resto;0
Ambos sexos;04079 Roquetas de Mar;Total Unión Europea;1128
Ambos sexos;04079 Roquetas de Mar;Reino Unido;197
Ambos sexos;04079 Roquetas de Mar;Alemania;440
Ambos sexos;04079 Roquetas de Mar;Total Africa;3666
Ambos sexos;04079 Roquetas de Mar;Marruecos;1353
Ambos sexos;04079 Roquetas de Mar;Total América;804
Ambos sexos;04079 Roquetas de Mar;Colombia;233
Ambos sexos;04079 Roquetas de Mar;Ecuador;84
Ambos sexos;04079 Roquetas de Mar;Total Asia;73
Ambos sexos;04079 Roquetas de Mar;Resto;1
Ambos sexos;04080 Santa Cruz de Marchena;Total Unión Europea;5
Ambos sexos;04080 Santa Cruz de Marchena;Reino Unido;0
Ambos sexos;04080 Santa Cruz de Marchena;Alemania;0
Ambos sexos;04080 Santa Cruz de Marchena;Total Africa;0
Ambos sexos;04080 Santa Cruz de Marchena;Marruecos;0
Ambos sexos;04080 Santa Cruz de Marchena;Total América;2
Ambos sexos;04080 Santa Cruz de Marchena;Colombia;0
Ambos sexos;04080 Santa Cruz de Marchena;Ecuador;1
Ambos sexos;04080 Santa Cruz de Marchena;Total Asia;0
Ambos sexos;04080 Santa Cruz de Marchena;Resto;0
Ambos sexos;04081 Santa Fe de Mondújar;Total Unión Europea;4
Ambos sexos;04081 Santa Fe de Mondújar;Reino Unido;2
Ambos sexos;04081 Santa Fe de Mondújar;Alemania;2
Ambos sexos;04081 Santa Fe de Mondújar;Total Africa;0
Ambos sexos;04081 Santa Fe de Mondújar;Marruecos;0
Ambos sexos;04081 Santa Fe de Mondújar;Total América;1
Ambos sexos;04081 Santa Fe de Mondújar;Colombia;0
Ambos sexos;04081 Santa Fe de Mondújar;Ecuador;1
Ambos sexos;04081 Santa Fe de Mondújar;Total Asia;0
Ambos sexos;04081 Santa Fe de Mondújar;Resto;0
Ambos sexos;04082 Senés;Total Unión Europea;2
Ambos sexos;04082 Senés;Reino Unido;0
Ambos sexos;04082 Senés;Alemania;0
Ambos sexos;04082 Senés;Total Africa;0
Ambos sexos;04082 Senés;Marruecos;0
Ambos sexos;04082 Senés;Total América;0
Ambos sexos;04082 Senés;Colombia;0
Ambos sexos;04082 Senés;Ecuador;0
Ambos sexos;04082 Senés;Total Asia;0
Ambos sexos;04082 Senés;Resto;0
Ambos sexos;04083 Serón;Total Unión Europea;8
Ambos sexos;04083 Serón;Reino Unido;3
Ambos sexos;04083 Serón;Alemania;3
Ambos sexos;04083 Serón;Total Africa;1
Ambos sexos;04083 Serón;Marruecos;1
Ambos sexos;04083 Serón;Total América;7
Ambos sexos;04083 Serón;Colombia;0
Ambos sexos;04083 Serón;Ecuador;4
Ambos sexos;04083 Serón;Total Asia;0
Ambos sexos;04083 Serón;Resto;0
Ambos sexos;04084 Sierro;Total Unión Europea;1
Ambos sexos;04084 Sierro;Reino Unido;0
Ambos sexos;04084 Sierro;Alemania;0
Ambos sexos;04084 Sierro;Total Africa;0
Ambos sexos;04084 Sierro;Marruecos;0
Ambos sexos;04084 Sierro;Total América;0
Ambos sexos;04084 Sierro;Colombia;0
Ambos sexos;04084 Sierro;Ecuador;0
Ambos sexos;04084 Sierro;Total Asia;0
Ambos sexos;04084 Sierro;Resto;0
Ambos sexos;04085 Somontín;Total Unión Europea;1
Ambos sexos;04085 Somontín;Reino Unido;0
Ambos sexos;04085 Somontín;Alemania;0
Ambos sexos;04085 Somontín;Total Africa;0
Ambos sexos;04085 Somontín;Marruecos;0
Ambos sexos;04085 Somontín;Total América;0
Ambos sexos;04085 Somontín;Colombia;0
Ambos sexos;04085 Somontín;Ecuador;0
Ambos sexos;04085 Somontín;Total Asia;0
Ambos sexos;04085 Somontín;Resto;0
Ambos sexos;04086 Sorbas;Total Unión Europea;79
Ambos sexos;04086 Sorbas;Reino Unido;61
Ambos sexos;04086 Sorbas;Alemania;7
Ambos sexos;04086 Sorbas;Total Africa;15
Ambos sexos;04086 Sorbas;Marruecos;15
Ambos sexos;04086 Sorbas;Total América;110
Ambos sexos;04086 Sorbas;Colombia;5
Ambos sexos;04086 Sorbas;Ecuador;88
Ambos sexos;04086 Sorbas;Total Asia;1
Ambos sexos;04086 Sorbas;Resto;0
Ambos sexos;04087 Suflí;Total Unión Europea;1
Ambos sexos;04087 Suflí;Reino Unido;0
Ambos sexos;04087 Suflí;Alemania;0
Ambos sexos;04087 Suflí;Total Africa;0
Ambos sexos;04087 Suflí;Marruecos;0
Ambos sexos;04087 Suflí;Total América;2
Ambos sexos;04087 Suflí;Colombia;1
Ambos sexos;04087 Suflí;Ecuador;0
Ambos sexos;04087 Suflí;Total Asia;0
Ambos sexos;04087 Suflí;Resto;0
Ambos sexos;04088 Tabernas;Total Unión Europea;31
Ambos sexos;04088 Tabernas;Reino Unido;4
Ambos sexos;04088 Tabernas;Alemania;15
Ambos sexos;04088 Tabernas;Total Africa;8
Ambos sexos;04088 Tabernas;Marruecos;8
Ambos sexos;04088 Tabernas;Total América;19
Ambos sexos;04088 Tabernas;Colombia;0
Ambos sexos;04088 Tabernas;Ecuador;18
Ambos sexos;04088 Tabernas;Total Asia;0
Ambos sexos;04088 Tabernas;Resto;0
Ambos sexos;04089 Taberno;Total Unión Europea;44
Ambos sexos;04089 Taberno;Reino Unido;37
Ambos sexos;04089 Taberno;Alemania;0
Ambos sexos;04089 Taberno;Total Africa;0
Ambos sexos;04089 Taberno;Marruecos;0
Ambos sexos;04089 Taberno;Total América;1
Ambos sexos;04089 Taberno;Colombia;1
Ambos sexos;04089 Taberno;Ecuador;0
Ambos sexos;04089 Taberno;Total Asia;0
Ambos sexos;04089 Taberno;Resto;0
Ambos sexos;04090 Tahal;Total Unión Europea;2
Ambos sexos;04090 Tahal;Reino Unido;0
Ambos sexos;04090 Tahal;Alemania;0
Ambos sexos;04090 Tahal;Total Africa;4
Ambos sexos;04090 Tahal;Marruecos;4
Ambos sexos;04090 Tahal;Total América;7
Ambos sexos;04090 Tahal;Colombia;0
Ambos sexos;04090 Tahal;Ecuador;7
Ambos sexos;04090 Tahal;Total Asia;0
Ambos sexos;04090 Tahal;Resto;0
Ambos sexos;04091 Terque;Total Unión Europea;1
Ambos sexos;04091 Terque;Reino Unido;1
Ambos sexos;04091 Terque;Alemania;0
Ambos sexos;04091 Terque;Total Africa;1
Ambos sexos;04091 Terque;Marruecos;0
Ambos sexos;04091 Terque;Total América;2
Ambos sexos;04091 Terque;Colombia;0
Ambos sexos;04091 Terque;Ecuador;0
Ambos sexos;04091 Terque;Total Asia;0
Ambos sexos;04091 Terque;Resto;0
Ambos sexos;04092 Tíjola;Total Unión Europea;7
Ambos sexos;04092 Tíjola;Reino Unido;0
Ambos sexos;04092 Tíjola;Alemania;2
Ambos sexos;04092 Tíjola;Total Africa;1
Ambos sexos;04092 Tíjola;Marruecos;1
Ambos sexos;04092 Tíjola;Total América;44
Ambos sexos;04092 Tíjola;Colombia;2
Ambos sexos;04092 Tíjola;Ecuador;26
Ambos sexos;04092 Tíjola;Total Asia;0
Ambos sexos;04092 Tíjola;Resto;0
Ambos sexos;04093 Turre;Total Unión Europea;279
Ambos sexos;04093 Turre;Reino Unido;234
Ambos sexos;04093 Turre;Alemania;16
Ambos sexos;04093 Turre;Total Africa;7
Ambos sexos;04093 Turre;Marruecos;6
Ambos sexos;04093 Turre;Total América;62
Ambos sexos;04093 Turre;Colombia;31
Ambos sexos;04093 Turre;Ecuador;24
Ambos sexos;04093 Turre;Total Asia;2
Ambos sexos;04093 Turre;Resto;1
Ambos sexos;04094 Turrillas;Total Unión Europea;0
Ambos sexos;04094 Turrillas;Reino Unido;0
Ambos sexos;04094 Turrillas;Alemania;0
Ambos sexos;04094 Turrillas;Total Africa;0
Ambos sexos;04094 Turrillas;Marruecos;0
Ambos sexos;04094 Turrillas;Total América;4
Ambos sexos;04094 Turrillas;Colombia;0
Ambos sexos;04094 Turrillas;Ecuador;3
Ambos sexos;04094 Turrillas;Total Asia;0
Ambos sexos;04094 Turrillas;Resto;0
Ambos sexos;04095 Uleila del Campo;Total Unión Europea;4
Ambos sexos;04095 Uleila del Campo;Reino Unido;0
Ambos sexos;04095 Uleila del Campo;Alemania;2
Ambos sexos;04095 Uleila del Campo;Total Africa;0
Ambos sexos;04095 Uleila del Campo;Marruecos;0
Ambos sexos;04095 Uleila del Campo;Total América;7
Ambos sexos;04095 Uleila del Campo;Colombia;5
Ambos sexos;04095 Uleila del Campo;Ecuador;0
Ambos sexos;04095 Uleila del Campo;Total Asia;0
Ambos sexos;04095 Uleila del Campo;Resto;0
Ambos sexos;04096 Urrácal;Total Unión Europea;0
Ambos sexos;04096 Urrácal;Reino Unido;0
Ambos sexos;04096 Urrácal;Alemania;0
Ambos sexos;04096 Urrácal;Total Africa;0
Ambos sexos;04096 Urrácal;Marruecos;0
Ambos sexos;04096 Urrácal;Total América;0
Ambos sexos;04096 Urrácal;Colombia;0
Ambos sexos;04096 Urrácal;Ecuador;0
Ambos sexos;04096 Urrácal;Total Asia;0
Ambos sexos;04096 Urrácal;Resto;0
Ambos sexos;04097 Velefique;Total Unión Europea;0
Ambos sexos;04097 Velefique;Reino Unido;0
Ambos sexos;04097 Velefique;Alemania;0
Ambos sexos;04097 Velefique;Total Africa;0
Ambos sexos;04097 Velefique;Marruecos;0
Ambos sexos;04097 Velefique;Total América;0
Ambos sexos;04097 Velefique;Colombia;0
Ambos sexos;04097 Velefique;Ecuador;0
Ambos sexos;04097 Velefique;Total Asia;0
Ambos sexos;04097 Velefique;Resto;0
Ambos sexos;04098 Vélez-Blanco;Total Unión Europea;9
Ambos sexos;04098 Vélez-Blanco;Reino Unido;5
Ambos sexos;04098 Vélez-Blanco;Alemania;4
Ambos sexos;04098 Vélez-Blanco;Total Africa;0
Ambos sexos;04098 Vélez-Blanco;Marruecos;0
Ambos sexos;04098 Vélez-Blanco;Total América;14
Ambos sexos;04098 Vélez-Blanco;Colombia;2
Ambos sexos;04098 Vélez-Blanco;Ecuador;5
Ambos sexos;04098 Vélez-Blanco;Total Asia;0
Ambos sexos;04098 Vélez-Blanco;Resto;0
Ambos sexos;04099 Vélez-Rubio;Total Unión Europea;58
Ambos sexos;04099 Vélez-Rubio;Reino Unido;22
Ambos sexos;04099 Vélez-Rubio;Alemania;10
Ambos sexos;04099 Vélez-Rubio;Total Africa;16
Ambos sexos;04099 Vélez-Rubio;Marruecos;15
Ambos sexos;04099 Vélez-Rubio;Total América;144
Ambos sexos;04099 Vélez-Rubio;Colombia;25
Ambos sexos;04099 Vélez-Rubio;Ecuador;114
Ambos sexos;04099 Vélez-Rubio;Total Asia;0
Ambos sexos;04099 Vélez-Rubio;Resto;0
Ambos sexos;04100 Vera;Total Unión Europea;229
Ambos sexos;04100 Vera;Reino Unido;104
Ambos sexos;04100 Vera;Alemania;24
Ambos sexos;04100 Vera;Total Africa;14
Ambos sexos;04100 Vera;Marruecos;12
Ambos sexos;04100 Vera;Total América;376
Ambos sexos;04100 Vera;Colombia;53
Ambos sexos;04100 Vera;Ecuador;296
Ambos sexos;04100 Vera;Total Asia;1
Ambos sexos;04100 Vera;Resto;1
Ambos sexos;04101 Viator;Total Unión Europea;23
Ambos sexos;04101 Viator;Reino Unido;1
Ambos sexos;04101 Viator;Alemania;7
Ambos sexos;04101 Viator;Total Africa;21
Ambos sexos;04101 Viator;Marruecos;18
Ambos sexos;04101 Viator;Total América;15
Ambos sexos;04101 Viator;Colombia;6
Ambos sexos;04101 Viator;Ecuador;0
Ambos sexos;04101 Viator;Total Asia;0
Ambos sexos;04101 Viator;Resto;0
Ambos sexos;04102 Vícar;Total Unión Europea;79
Ambos sexos;04102 Vícar;Reino Unido;15
Ambos sexos;04102 Vícar;Alemania;24
Ambos sexos;04102 Vícar;Total Africa;1644
Ambos sexos;04102 Vícar;Marruecos;1053
Ambos sexos;04102 Vícar;Total América;184
Ambos sexos;04102 Vícar;Colombia;26
Ambos sexos;04102 Vícar;Ecuador;16
Ambos sexos;04102 Vícar;Total Asia;5
Ambos sexos;04102 Vícar;Resto;1
Ambos sexos;04103 Zurgena;Total Unión Europea;63
Ambos sexos;04103 Zurgena;Reino Unido;59
Ambos sexos;04103 Zurgena;Alemania;2
Ambos sexos;04103 Zurgena;Total Africa;6
Ambos sexos;04103 Zurgena;Marruecos;5
Ambos sexos;04103 Zurgena;Total América;31
Ambos sexos;04103 Zurgena;Colombia;4
Ambos sexos;04103 Zurgena;Ecuador;18
Ambos sexos;04103 Zurgena;Total Asia;0
Ambos sexos;04103 Zurgena;Resto;0
Ambos sexos;04901 Tres Villas (Las);Total Unión Europea;0
Ambos sexos;04901 Tres Villas (Las);Reino Unido;0
Ambos sexos;04901 Tres Villas (Las);Alemania;0
Ambos sexos;04901 Tres Villas (Las);Total Africa;0
Ambos sexos;04901 Tres Villas (Las);Marruecos;0
Ambos sexos;04901 Tres Villas (Las);Total América;1
Ambos sexos;04901 Tres Villas (Las);Colombia;0
Ambos sexos;04901 Tres Villas (Las);Ecuador;1
Ambos sexos;04901 Tres Villas (Las);Total Asia;0
Ambos sexos;04901 Tres Villas (Las);Resto;0
Ambos sexos;04902 Ejido (El);Total Unión Europea;298
Ambos sexos;04902 Ejido (El);Reino Unido;57
Ambos sexos;04902 Ejido (El);Alemania;90
Ambos sexos;04902 Ejido (El);Total Africa;5390
Ambos sexos;04902 Ejido (El);Marruecos;4.902
Ambos sexos;04902 Ejido (El);Total América;536
Ambos sexos;04902 Ejido (El);Colombia;140
Ambos sexos;04902 Ejido (El);Ecuador;192
Ambos sexos;04902 Ejido (El);Total Asia;31
Ambos sexos;04902 Ejido (El);Resto;1
Ambos sexos;04903 Mojonera (La);Total Unión Europea;5
Ambos sexos;04903 Mojonera (La);Reino Unido;0
Ambos sexos;04903 Mojonera (La);Alemania;0
Ambos sexos;04903 Mojonera (La);Total Africa;1130
Ambos sexos;04903 Mojonera (La);Marruecos;538
Ambos sexos;04903 Mojonera (La);Total América;18
Ambos sexos;04903 Mojonera (La);Colombia;4
Ambos sexos;04903 Mojonera (La);Ecuador;3
Ambos sexos;04903 Mojonera (La);Total Asia;1
Ambos sexos;04903 Mojonera (La);Resto;0
