,Municipio,variable,value
0,Algeciras,enero_2006,3.32
1,Almería,enero_2006,3.44
2,Cádiz,enero_2006,4.17
3,Córdoba,enero_2006,4.0
4,Dos Hermanas,enero_2006,3.86
5,Granada,enero_2006,5.04
6,Huelva,enero_2006,4.99
7,Jaén,enero_2006,7.04
8,Jerez de la Frontera,enero_2006,4.96
9,Marbella,enero_2006,4.24
10,Málaga,enero_2006,3.9
11,Sevilla,enero_2006,4.46
12,Algeciras,febrero_2006,2.94
13,Almería,febrero_2006,3.31
14,Cádiz,febrero_2006,3.6
15,Córdoba,febrero_2006,3.29
16,Dos Hermanas,febrero_2006,3.52
17,Granada,febrero_2006,4.72
18,Huelva,febrero_2006,3.13
19,Jaén,febrero_2006,4.45
20,Jerez de la Frontera,febrero_2006,4.41
21,Marbella,febrero_2006,4.67
22,Málaga,febrero_2006,3.73
23,Sevilla,febrero_2006,4.19
24,Algeciras,marzo_2006,3.37
25,Almería,marzo_2006,4.01
26,Cádiz,marzo_2006,4.42
27,Córdoba,marzo_2006,3.83
28,Dos Hermanas,marzo_2006,4.19
29,Granada,marzo_2006,5.81
30,Huelva,marzo_2006,4.13
31,Jaén,marzo_2006,4.31
32,Jerez de la Frontera,marzo_2006,5.6
33,Marbella,marzo_2006,5.58
34,Málaga,marzo_2006,4.33
35,Sevilla,marzo_2006,5.23
36,Algeciras,abril_2006,2.91
37,Almería,abril_2006,3.17
38,Cádiz,abril_2006,3.38
39,Córdoba,abril_2006,3.4
40,Dos Hermanas,abril_2006,3.3
41,Granada,abril_2006,4.57
42,Huelva,abril_2006,2.96
43,Jaén,abril_2006,3.36
44,Jerez de la Frontera,abril_2006,4.99
45,Marbella,abril_2006,5.16
46,Málaga,abril_2006,3.77
47,Sevilla,abril_2006,4.2
48,Algeciras,mayo_2006,3.81
49,Almería,mayo_2006,4.3
50,Cádiz,mayo_2006,4.43
51,Córdoba,mayo_2006,4.23
52,Dos Hermanas,mayo_2006,4.06
53,Granada,mayo_2006,5.46
54,Huelva,mayo_2006,4.18
55,Jaén,mayo_2006,4.08
56,Jerez de la Frontera,mayo_2006,6.36
57,Marbella,mayo_2006,6.04
58,Málaga,mayo_2006,4.69
59,Sevilla,mayo_2006,4.98
60,Algeciras,junio_2006,3.93
61,Almería,junio_2006,4.26
62,Cádiz,junio_2006,4.3
63,Córdoba,junio_2006,4.09
64,Dos Hermanas,junio_2006,4.11
65,Granada,junio_2006,5.81
66,Huelva,junio_2006,4.15
67,Jaén,junio_2006,3.97
68,Jerez de la Frontera,junio_2006,5.97
69,Marbella,junio_2006,5.45
70,Málaga,junio_2006,4.74
71,Sevilla,junio_2006,5.46
72,Algeciras,julio_2006,4.55
73,Almería,julio_2006,4.09
74,Cádiz,julio_2006,4.7
75,Córdoba,julio_2006,3.81
76,Dos Hermanas,julio_2006,4.21
77,Granada,julio_2006,5.78
78,Huelva,julio_2006,4.31
79,Jaén,julio_2006,3.51
80,Jerez de la Frontera,julio_2006,5.09
81,Marbella,julio_2006,6.04
82,Málaga,julio_2006,4.66
83,Sevilla,julio_2006,5.29
84,Algeciras,agosto_2006,3.86
85,Almería,agosto_2006,3.46
86,Cádiz,agosto_2006,4.39
87,Córdoba,agosto_2006,3.16
88,Dos Hermanas,agosto_2006,4.25
89,Granada,agosto_2006,3.98
90,Huelva,agosto_2006,3.59
91,Jaén,agosto_2006,4.07
92,Jerez de la Frontera,agosto_2006,6.08
93,Marbella,agosto_2006,4.98
94,Málaga,agosto_2006,3.92
95,Sevilla,agosto_2006,4.44
96,Algeciras,septiembre_2006,4.15
97,Almería,septiembre_2006,4.59
98,Cádiz,septiembre_2006,4.26
99,Córdoba,septiembre_2006,4.02
100,Dos Hermanas,septiembre_2006,4.96
101,Granada,septiembre_2006,5.2
102,Huelva,septiembre_2006,3.89
103,Jaén,septiembre_2006,4.69
104,Jerez de la Frontera,septiembre_2006,5.89
105,Marbella,septiembre_2006,4.95
106,Málaga,septiembre_2006,4.82
107,Sevilla,septiembre_2006,5.37
108,Algeciras,octubre_2006,4.23
109,Almería,octubre_2006,5.35
110,Cádiz,octubre_2006,4.79
111,Córdoba,octubre_2006,4.19
112,Dos Hermanas,octubre_2006,4.12
113,Granada,octubre_2006,6.46
114,Huelva,octubre_2006,4.68
115,Jaén,octubre_2006,4.37
116,Jerez de la Frontera,octubre_2006,5.65
117,Marbella,octubre_2006,4.76
118,Málaga,octubre_2006,5.07
119,Sevilla,octubre_2006,5.44
120,Algeciras,noviembre_2006,3.38
121,Almería,noviembre_2006,4.74
122,Cádiz,noviembre_2006,4.17
123,Córdoba,noviembre_2006,4.18
124,Dos Hermanas,noviembre_2006,4.58
125,Granada,noviembre_2006,5.7
126,Huelva,noviembre_2006,4.33
127,Jaén,noviembre_2006,5.79
128,Jerez de la Frontera,noviembre_2006,5.33
129,Marbella,noviembre_2006,4.3
130,Málaga,noviembre_2006,4.62
131,Sevilla,noviembre_2006,5.35
132,Algeciras,diciembre_2006,3.0
133,Almería,diciembre_2006,3.23
134,Cádiz,diciembre_2006,3.54
135,Córdoba,diciembre_2006,3.86
136,Dos Hermanas,diciembre_2006,3.39
137,Granada,diciembre_2006,4.44
138,Huelva,diciembre_2006,3.52
139,Jaén,diciembre_2006,7.79
140,Jerez de la Frontera,diciembre_2006,4.35
141,Marbella,diciembre_2006,3.66
142,Málaga,diciembre_2006,4.0
143,Sevilla,diciembre_2006,4.56
144,Algeciras,enero_2007,3.57
145,Almería,enero_2007,3.91
146,Cádiz,enero_2007,3.8
147,Córdoba,enero_2007,4.24
148,Dos Hermanas,enero_2007,4.22
149,Granada,enero_2007,5.24
150,Huelva,enero_2007,3.73
151,Jaén,enero_2007,10.0
152,Jerez de la Frontera,enero_2007,5.06
153,Marbella,enero_2007,4.21
154,Málaga,enero_2007,4.31
155,Sevilla,enero_2007,4.94
156,Algeciras,febrero_2007,2.91
157,Almería,febrero_2007,3.29
158,Cádiz,febrero_2007,3.51
159,Córdoba,febrero_2007,3.56
160,Dos Hermanas,febrero_2007,3.17
161,Granada,febrero_2007,5.03
162,Huelva,febrero_2007,3.21
163,Jaén,febrero_2007,6.26
164,Jerez de la Frontera,febrero_2007,4.05
165,Marbella,febrero_2007,3.51
166,Málaga,febrero_2007,3.75
167,Sevilla,febrero_2007,4.25
168,Algeciras,marzo_2007,3.29
169,Almería,marzo_2007,3.86
170,Cádiz,marzo_2007,4.02
171,Córdoba,marzo_2007,4.0
172,Dos Hermanas,marzo_2007,3.74
173,Granada,marzo_2007,5.58
174,Huelva,marzo_2007,3.97
175,Jaén,marzo_2007,4.92
176,Jerez de la Frontera,marzo_2007,5.15
177,Marbella,marzo_2007,4.52
178,Málaga,marzo_2007,4.23
179,Sevilla,marzo_2007,5.12
180,Algeciras,abril_2007,3.25
181,Almería,abril_2007,3.55
182,Cádiz,abril_2007,3.43
183,Córdoba,abril_2007,3.5
184,Dos Hermanas,abril_2007,3.37
185,Granada,abril_2007,4.88
186,Huelva,abril_2007,3.34
187,Jaén,abril_2007,4.06
188,Jerez de la Frontera,abril_2007,4.9
189,Marbella,abril_2007,4.49
190,Málaga,abril_2007,3.99
191,Sevilla,abril_2007,4.36
192,Algeciras,mayo_2007,3.53
193,Almería,mayo_2007,4.05
194,Cádiz,mayo_2007,4.2
195,Córdoba,mayo_2007,4.11
196,Dos Hermanas,mayo_2007,3.81
197,Granada,mayo_2007,5.57
198,Huelva,mayo_2007,4.13
199,Jaén,mayo_2007,4.17
200,Jerez de la Frontera,mayo_2007,5.69
201,Marbella,mayo_2007,5.04
202,Málaga,mayo_2007,4.45
203,Sevilla,mayo_2007,5.07
204,Algeciras,junio_2007,3.67
205,Almería,junio_2007,4.0
206,Cádiz,junio_2007,4.13
207,Córdoba,junio_2007,3.96
208,Dos Hermanas,junio_2007,3.34
209,Granada,junio_2007,5.09
210,Huelva,junio_2007,3.96
211,Jaén,junio_2007,4.14
212,Jerez de la Frontera,junio_2007,4.73
213,Marbella,junio_2007,5.19
214,Málaga,junio_2007,4.43
215,Sevilla,junio_2007,4.94
216,Algeciras,julio_2007,4.56
217,Almería,julio_2007,4.33
218,Cádiz,julio_2007,5.37
219,Córdoba,julio_2007,3.98
220,Dos Hermanas,julio_2007,3.71
221,Granada,julio_2007,5.92
222,Huelva,julio_2007,4.54
223,Jaén,julio_2007,4.63
224,Jerez de la Frontera,julio_2007,5.77
225,Marbella,julio_2007,6.29
226,Málaga,julio_2007,4.93
227,Sevilla,julio_2007,6.05
228,Algeciras,agosto_2007,3.38
229,Almería,agosto_2007,3.33
230,Cádiz,agosto_2007,3.87
231,Córdoba,agosto_2007,3.16
232,Dos Hermanas,agosto_2007,3.24
233,Granada,agosto_2007,4.24
234,Huelva,agosto_2007,3.35
235,Jaén,agosto_2007,3.56
236,Jerez de la Frontera,agosto_2007,4.08
237,Marbella,agosto_2007,4.86
238,Málaga,agosto_2007,3.52
239,Sevilla,agosto_2007,4.06
240,Algeciras,septiembre_2007,3.57
241,Almería,septiembre_2007,4.16
242,Cádiz,septiembre_2007,4.22
243,Córdoba,septiembre_2007,4.02
244,Dos Hermanas,septiembre_2007,4.21
245,Granada,septiembre_2007,5.61
246,Huelva,septiembre_2007,4.53
247,Jaén,septiembre_2007,3.88
248,Jerez de la Frontera,septiembre_2007,6.78
249,Marbella,septiembre_2007,4.4
250,Málaga,septiembre_2007,4.49
251,Sevilla,septiembre_2007,5.64
252,Algeciras,octubre_2007,4.0
253,Almería,octubre_2007,5.25
254,Cádiz,octubre_2007,4.78
255,Córdoba,octubre_2007,4.39
256,Dos Hermanas,octubre_2007,4.25
257,Granada,octubre_2007,7.11
258,Huelva,octubre_2007,4.84
259,Jaén,octubre_2007,5.53
260,Jerez de la Frontera,octubre_2007,6.75
261,Marbella,octubre_2007,5.11
262,Málaga,octubre_2007,5.46
263,Sevilla,octubre_2007,6.28
264,Algeciras,noviembre_2007,3.21
265,Almería,noviembre_2007,3.92
266,Cádiz,noviembre_2007,4.12
267,Córdoba,noviembre_2007,3.95
268,Dos Hermanas,noviembre_2007,3.45
269,Granada,noviembre_2007,5.44
270,Huelva,noviembre_2007,4.17
271,Jaén,noviembre_2007,5.66
272,Jerez de la Frontera,noviembre_2007,5.22
273,Marbella,noviembre_2007,3.98
274,Málaga,noviembre_2007,4.28
275,Sevilla,noviembre_2007,5.52
276,Algeciras,diciembre_2007,2.99
277,Almería,diciembre_2007,3.1
278,Cádiz,diciembre_2007,3.28
279,Córdoba,diciembre_2007,3.45
280,Dos Hermanas,diciembre_2007,2.72
281,Granada,diciembre_2007,4.96
282,Huelva,diciembre_2007,3.02
283,Jaén,diciembre_2007,8.26
284,Jerez de la Frontera,diciembre_2007,4.18
285,Marbella,diciembre_2007,3.29
286,Málaga,diciembre_2007,3.34
287,Sevilla,diciembre_2007,4.07
288,Algeciras,enero_2008,3.33
289,Almería,enero_2008,3.94
290,Cádiz,enero_2008,4.56
291,Córdoba,enero_2008,3.97
292,Dos Hermanas,enero_2008,3.39
293,Granada,enero_2008,5.8
294,Huelva,enero_2008,3.84
295,Jaén,enero_2008,8.35
296,Jerez de la Frontera,enero_2008,4.44
297,Marbella,enero_2008,3.46
298,Málaga,enero_2008,3.84
299,Sevilla,enero_2008,4.49
300,Algeciras,febrero_2008,2.98
301,Almería,febrero_2008,3.22
302,Cádiz,febrero_2008,3.93
303,Córdoba,febrero_2008,3.8
304,Dos Hermanas,febrero_2008,3.31
305,Granada,febrero_2008,5.73
306,Huelva,febrero_2008,3.3
307,Jaén,febrero_2008,7.09
308,Jerez de la Frontera,febrero_2008,3.69
309,Marbella,febrero_2008,3.08
310,Málaga,febrero_2008,3.62
311,Sevilla,febrero_2008,4.46
312,Algeciras,marzo_2008,2.77
313,Almería,marzo_2008,3.01
314,Cádiz,marzo_2008,3.56
315,Córdoba,marzo_2008,3.31
316,Dos Hermanas,marzo_2008,3.38
317,Granada,marzo_2008,4.72
318,Huelva,marzo_2008,3.13
319,Jaén,marzo_2008,4.83
320,Jerez de la Frontera,marzo_2008,3.89
321,Marbella,marzo_2008,3.68
322,Málaga,marzo_2008,3.46
323,Sevilla,marzo_2008,4.24
324,Algeciras,abril_2008,2.85
325,Almería,abril_2008,3.67
326,Cádiz,abril_2008,4.28
327,Córdoba,abril_2008,3.56
328,Dos Hermanas,abril_2008,3.39
329,Granada,abril_2008,5.63
330,Huelva,abril_2008,3.49
331,Jaén,abril_2008,3.66
332,Jerez de la Frontera,abril_2008,4.82
333,Marbella,abril_2008,3.72
334,Málaga,abril_2008,3.84
335,Sevilla,abril_2008,4.59
336,Algeciras,mayo_2008,2.76
337,Almería,mayo_2008,3.55
338,Cádiz,mayo_2008,3.99
339,Córdoba,mayo_2008,3.87
340,Dos Hermanas,mayo_2008,3.02
341,Granada,mayo_2008,4.61
342,Huelva,mayo_2008,3.2
343,Jaén,mayo_2008,3.46
344,Jerez de la Frontera,mayo_2008,5.21
345,Marbella,mayo_2008,3.93
346,Málaga,mayo_2008,3.69
347,Sevilla,mayo_2008,4.58
348,Algeciras,junio_2008,2.88
349,Almería,junio_2008,3.19
350,Cádiz,junio_2008,4.58
351,Córdoba,junio_2008,3.75
352,Dos Hermanas,junio_2008,3.13
353,Granada,junio_2008,5.62
354,Huelva,junio_2008,3.37
355,Jaén,junio_2008,3.36
356,Jerez de la Frontera,junio_2008,4.79
357,Marbella,junio_2008,4.21
358,Málaga,junio_2008,3.69
359,Sevilla,junio_2008,4.37
360,Algeciras,julio_2008,4.11
361,Almería,julio_2008,3.54
362,Cádiz,julio_2008,5.38
363,Córdoba,julio_2008,4.0
364,Dos Hermanas,julio_2008,3.64
365,Granada,julio_2008,5.53
366,Huelva,julio_2008,4.04
367,Jaén,julio_2008,4.22
368,Jerez de la Frontera,julio_2008,4.81
369,Marbella,julio_2008,5.28
370,Málaga,julio_2008,4.11
371,Sevilla,julio_2008,4.74
372,Algeciras,agosto_2008,2.7
373,Almería,agosto_2008,2.34
374,Cádiz,agosto_2008,3.44
375,Córdoba,agosto_2008,2.48
376,Dos Hermanas,agosto_2008,2.42
377,Granada,agosto_2008,3.53
378,Huelva,agosto_2008,3.02
379,Jaén,agosto_2008,2.82
380,Jerez de la Frontera,agosto_2008,3.92
381,Marbella,agosto_2008,3.45
382,Málaga,agosto_2008,2.76
383,Sevilla,agosto_2008,2.95
384,Algeciras,septiembre_2008,3.01
385,Almería,septiembre_2008,3.92
386,Cádiz,septiembre_2008,4.53
387,Córdoba,septiembre_2008,3.74
388,Dos Hermanas,septiembre_2008,3.63
389,Granada,septiembre_2008,5.28
390,Huelva,septiembre_2008,3.39
391,Jaén,septiembre_2008,4.38
392,Jerez de la Frontera,septiembre_2008,5.52
393,Marbella,septiembre_2008,3.77
394,Málaga,septiembre_2008,4.18
395,Sevilla,septiembre_2008,4.81
396,Algeciras,octubre_2008,2.83
397,Almería,octubre_2008,4.04
398,Cádiz,octubre_2008,5.18
399,Córdoba,octubre_2008,3.62
400,Dos Hermanas,octubre_2008,3.03
401,Granada,octubre_2008,6.03
402,Huelva,octubre_2008,4.0
403,Jaén,octubre_2008,4.82
404,Jerez de la Frontera,octubre_2008,4.46
405,Marbella,octubre_2008,3.3
406,Málaga,octubre_2008,4.06
407,Sevilla,octubre_2008,4.8
408,Algeciras,noviembre_2008,2.48
409,Almería,noviembre_2008,2.93
410,Cádiz,noviembre_2008,4.14
411,Córdoba,noviembre_2008,3.22
412,Dos Hermanas,noviembre_2008,2.07
413,Granada,noviembre_2008,4.6
414,Huelva,noviembre_2008,2.95
415,Jaén,noviembre_2008,3.87
416,Jerez de la Frontera,noviembre_2008,3.29
417,Marbella,noviembre_2008,2.67
418,Málaga,noviembre_2008,3.11
419,Sevilla,noviembre_2008,3.74
420,Algeciras,diciembre_2008,2.02
421,Almería,diciembre_2008,2.69
422,Cádiz,diciembre_2008,3.74
423,Córdoba,diciembre_2008,3.31
424,Dos Hermanas,diciembre_2008,1.99
425,Granada,diciembre_2008,4.41
426,Huelva,diciembre_2008,2.86
427,Jaén,diciembre_2008,7.55
428,Jerez de la Frontera,diciembre_2008,3.53
429,Marbella,diciembre_2008,2.51
430,Málaga,diciembre_2008,3.05
431,Sevilla,diciembre_2008,3.63
432,Algeciras,enero_2009,1.8
433,Almería,enero_2009,2.59
434,Cádiz,enero_2009,3.32
435,Córdoba,enero_2009,3.4
436,Dos Hermanas,enero_2009,2.3
437,Granada,enero_2009,4.09
438,Huelva,enero_2009,3.06
439,Jaén,enero_2009,6.68
440,Jerez de la Frontera,enero_2009,3.26
441,Marbella,enero_2009,2.42
442,Málaga,enero_2009,2.66
443,Sevilla,enero_2009,3.14
444,Algeciras,febrero_2009,1.71
445,Almería,febrero_2009,2.49
446,Cádiz,febrero_2009,3.38
447,Córdoba,febrero_2009,3.34
448,Dos Hermanas,febrero_2009,2.21
449,Granada,febrero_2009,3.93
450,Huelva,febrero_2009,2.58
451,Jaén,febrero_2009,4.58
452,Jerez de la Frontera,febrero_2009,2.92
453,Marbella,febrero_2009,2.15
454,Málaga,febrero_2009,2.62
455,Sevilla,febrero_2009,3.11
456,Algeciras,marzo_2009,1.84
457,Almería,marzo_2009,2.44
458,Cádiz,marzo_2009,3.35
459,Córdoba,marzo_2009,3.11
460,Dos Hermanas,marzo_2009,2.14
461,Granada,marzo_2009,3.99
462,Huelva,marzo_2009,2.72
463,Jaén,marzo_2009,3.9
464,Jerez de la Frontera,marzo_2009,3.69
465,Marbella,marzo_2009,2.28
466,Málaga,marzo_2009,2.84
467,Sevilla,marzo_2009,3.31
468,Algeciras,abril_2009,1.94
469,Almería,abril_2009,2.31
470,Cádiz,abril_2009,3.11
471,Córdoba,abril_2009,2.8
472,Dos Hermanas,abril_2009,1.85
473,Granada,abril_2009,4.02
474,Huelva,abril_2009,2.59
475,Jaén,abril_2009,3.18
476,Jerez de la Frontera,abril_2009,3.59
477,Marbella,abril_2009,2.82
478,Málaga,abril_2009,2.92
479,Sevilla,abril_2009,3.14
480,Algeciras,mayo_2009,1.92
481,Almería,mayo_2009,2.52
482,Cádiz,mayo_2009,3.58
483,Córdoba,mayo_2009,3.27
484,Dos Hermanas,mayo_2009,2.04
485,Granada,mayo_2009,3.97
486,Huelva,mayo_2009,2.56
487,Jaén,mayo_2009,3.1
488,Jerez de la Frontera,mayo_2009,4.17
489,Marbella,mayo_2009,2.85
490,Málaga,mayo_2009,2.81
491,Sevilla,mayo_2009,3.27
492,Algeciras,junio_2009,2.46
493,Almería,junio_2009,3.22
494,Cádiz,junio_2009,4.75
495,Córdoba,junio_2009,3.45
496,Dos Hermanas,junio_2009,2.33
497,Granada,junio_2009,4.47
498,Huelva,junio_2009,2.94
499,Jaén,junio_2009,3.54
500,Jerez de la Frontera,junio_2009,4.0
501,Marbella,junio_2009,3.62
502,Málaga,junio_2009,3.26
503,Sevilla,junio_2009,3.58
504,Algeciras,julio_2009,3.01
505,Almería,julio_2009,3.1
506,Cádiz,julio_2009,4.91
507,Córdoba,julio_2009,3.5
508,Dos Hermanas,julio_2009,2.64
509,Granada,julio_2009,5.25
510,Huelva,julio_2009,3.17
511,Jaén,julio_2009,3.92
512,Jerez de la Frontera,julio_2009,3.83
513,Marbella,julio_2009,4.69
514,Málaga,julio_2009,3.43
515,Sevilla,julio_2009,3.94
516,Algeciras,agosto_2009,2.3
517,Almería,agosto_2009,2.33
518,Cádiz,agosto_2009,3.54
519,Córdoba,agosto_2009,2.25
520,Dos Hermanas,agosto_2009,2.4
521,Granada,agosto_2009,2.94
522,Huelva,agosto_2009,2.36
523,Jaén,agosto_2009,3.13
524,Jerez de la Frontera,agosto_2009,4.11
525,Marbella,agosto_2009,2.99
526,Málaga,agosto_2009,2.52
527,Sevilla,agosto_2009,2.71
528,Algeciras,septiembre_2009,2.59
529,Almería,septiembre_2009,3.71
530,Cádiz,septiembre_2009,4.75
531,Córdoba,septiembre_2009,3.22
532,Dos Hermanas,septiembre_2009,2.87
533,Granada,septiembre_2009,4.96
534,Huelva,septiembre_2009,3.01
535,Jaén,septiembre_2009,4.42
536,Jerez de la Frontera,septiembre_2009,4.62
537,Marbella,septiembre_2009,3.35
538,Málaga,septiembre_2009,3.63
539,Sevilla,septiembre_2009,4.12
540,Algeciras,octubre_2009,2.3
541,Almería,octubre_2009,3.51
542,Cádiz,octubre_2009,4.07
543,Córdoba,octubre_2009,3.12
544,Dos Hermanas,octubre_2009,2.9
545,Granada,octubre_2009,5.14
546,Huelva,octubre_2009,3.26
547,Jaén,octubre_2009,4.25
548,Jerez de la Frontera,octubre_2009,3.71
549,Marbella,octubre_2009,2.99
550,Málaga,octubre_2009,3.66
551,Sevilla,octubre_2009,4.01
552,Algeciras,noviembre_2009,2.43
553,Almería,noviembre_2009,2.87
554,Cádiz,noviembre_2009,3.86
555,Córdoba,noviembre_2009,3.19
556,Dos Hermanas,noviembre_2009,2.31
557,Granada,noviembre_2009,4.11
558,Huelva,noviembre_2009,2.7
559,Jaén,noviembre_2009,5.02
560,Jerez de la Frontera,noviembre_2009,3.57
561,Marbella,noviembre_2009,2.82
562,Málaga,noviembre_2009,3.26
563,Sevilla,noviembre_2009,3.68
564,Algeciras,diciembre_2009,1.99
565,Almería,diciembre_2009,2.59
566,Cádiz,diciembre_2009,3.55
567,Córdoba,diciembre_2009,3.29
568,Dos Hermanas,diciembre_2009,1.91
569,Granada,diciembre_2009,4.3
570,Huelva,diciembre_2009,2.35
571,Jaén,diciembre_2009,7.31
572,Jerez de la Frontera,diciembre_2009,3.3
573,Marbella,diciembre_2009,2.41
574,Málaga,diciembre_2009,2.95
575,Sevilla,diciembre_2009,3.32
576,Algeciras,enero_2010,1.69
577,Almería,enero_2010,2.19
578,Cádiz,enero_2010,3.18
579,Córdoba,enero_2010,2.83
580,Dos Hermanas,enero_2010,2.35
581,Granada,enero_2010,3.57
582,Huelva,enero_2010,2.76
583,Jaén,enero_2010,6.22
584,Jerez de la Frontera,enero_2010,2.99
585,Marbella,enero_2010,2.0
586,Málaga,enero_2010,2.6
587,Sevilla,enero_2010,2.96
588,Algeciras,febrero_2010,1.83
589,Almería,febrero_2010,2.31
590,Cádiz,febrero_2010,3.19
591,Córdoba,febrero_2010,2.94
592,Dos Hermanas,febrero_2010,2.09
593,Granada,febrero_2010,3.62
594,Huelva,febrero_2010,2.26
595,Jaén,febrero_2010,5.52
596,Jerez de la Frontera,febrero_2010,2.87
597,Marbella,febrero_2010,2.15
598,Málaga,febrero_2010,2.95
599,Sevilla,febrero_2010,2.84
600,Algeciras,marzo_2010,2.0
601,Almería,marzo_2010,2.62
602,Cádiz,marzo_2010,3.37
603,Córdoba,marzo_2010,3.22
604,Dos Hermanas,marzo_2010,2.35
605,Granada,marzo_2010,4.57
606,Huelva,marzo_2010,2.53
607,Jaén,marzo_2010,6.15
608,Jerez de la Frontera,marzo_2010,3.79
609,Marbella,marzo_2010,2.66
610,Málaga,marzo_2010,3.22
611,Sevilla,marzo_2010,3.47
612,Algeciras,abril_2010,1.95
613,Almería,abril_2010,2.37
614,Cádiz,abril_2010,3.36
615,Córdoba,abril_2010,3.04
616,Dos Hermanas,abril_2010,2.18
617,Granada,abril_2010,3.82
618,Huelva,abril_2010,2.46
619,Jaén,abril_2010,4.16
620,Jerez de la Frontera,abril_2010,4.33
621,Marbella,abril_2010,2.87
622,Málaga,abril_2010,2.94
623,Sevilla,abril_2010,3.17
624,Algeciras,mayo_2010,2.12
625,Almería,mayo_2010,2.68
626,Cádiz,mayo_2010,3.55
627,Córdoba,mayo_2010,2.99
628,Dos Hermanas,mayo_2010,2.06
629,Granada,mayo_2010,4.02
630,Huelva,mayo_2010,2.48
631,Jaén,mayo_2010,4.08
632,Jerez de la Frontera,mayo_2010,4.34
633,Marbella,mayo_2010,2.91
634,Málaga,mayo_2010,2.89
635,Sevilla,mayo_2010,3.45
636,Algeciras,junio_2010,2.15
637,Almería,junio_2010,2.81
638,Cádiz,junio_2010,4.01
639,Córdoba,junio_2010,3.14
640,Dos Hermanas,junio_2010,2.65
641,Granada,junio_2010,4.01
642,Huelva,junio_2010,2.66
643,Jaén,junio_2010,4.08
644,Jerez de la Frontera,junio_2010,3.76
645,Marbella,junio_2010,3.86
646,Málaga,junio_2010,3.29
647,Sevilla,junio_2010,3.79
648,Algeciras,julio_2010,2.67
649,Almería,julio_2010,2.85
650,Cádiz,julio_2010,4.07
651,Córdoba,julio_2010,3.23
652,Dos Hermanas,julio_2010,2.27
653,Granada,julio_2010,4.3
654,Huelva,julio_2010,2.85
655,Jaén,julio_2010,3.82
656,Jerez de la Frontera,julio_2010,3.52
657,Marbella,julio_2010,4.42
658,Málaga,julio_2010,3.4
659,Sevilla,julio_2010,3.76
660,Algeciras,agosto_2010,2.07
661,Almería,agosto_2010,2.47
662,Cádiz,agosto_2010,3.38
663,Córdoba,agosto_2010,2.22
664,Dos Hermanas,agosto_2010,2.26
665,Granada,agosto_2010,3.06
666,Huelva,agosto_2010,2.34
667,Jaén,agosto_2010,3.28
668,Jerez de la Frontera,agosto_2010,3.61
669,Marbella,agosto_2010,3.48
670,Málaga,agosto_2010,2.66
671,Sevilla,agosto_2010,2.5
672,Algeciras,septiembre_2010,2.16
673,Almería,septiembre_2010,3.51
674,Cádiz,septiembre_2010,4.28
675,Córdoba,septiembre_2010,3.42
676,Dos Hermanas,septiembre_2010,3.57
677,Granada,septiembre_2010,4.87
678,Huelva,septiembre_2010,3.16
679,Jaén,septiembre_2010,4.13
680,Jerez de la Frontera,septiembre_2010,4.6
681,Marbella,septiembre_2010,3.3
682,Málaga,septiembre_2010,3.6
683,Sevilla,septiembre_2010,3.88
684,Algeciras,octubre_2010,2.25
685,Almería,octubre_2010,3.43
686,Cádiz,octubre_2010,3.99
687,Córdoba,octubre_2010,2.99
688,Dos Hermanas,octubre_2010,2.94
689,Granada,octubre_2010,4.74
690,Huelva,octubre_2010,2.82
691,Jaén,octubre_2010,3.69
692,Jerez de la Frontera,octubre_2010,4.08
693,Marbella,octubre_2010,2.89
694,Málaga,octubre_2010,3.39
695,Sevilla,octubre_2010,3.77
696,Algeciras,noviembre_2010,1.99
697,Almería,noviembre_2010,3.02
698,Cádiz,noviembre_2010,3.93
699,Córdoba,noviembre_2010,3.18
700,Dos Hermanas,noviembre_2010,2.35
701,Granada,noviembre_2010,4.05
702,Huelva,noviembre_2010,2.86
703,Jaén,noviembre_2010,6.64
704,Jerez de la Frontera,noviembre_2010,3.06
705,Marbella,noviembre_2010,2.88
706,Málaga,noviembre_2010,3.35
707,Sevilla,noviembre_2010,3.67
708,Algeciras,diciembre_2010,1.7
709,Almería,diciembre_2010,2.54
710,Cádiz,diciembre_2010,3.5
711,Córdoba,diciembre_2010,3.28
712,Dos Hermanas,diciembre_2010,2.03
713,Granada,diciembre_2010,3.98
714,Huelva,diciembre_2010,2.54
715,Jaén,diciembre_2010,8.07
716,Jerez de la Frontera,diciembre_2010,3.07
717,Marbella,diciembre_2010,2.28
718,Málaga,diciembre_2010,2.85
719,Sevilla,diciembre_2010,3.5
720,Algeciras,enero_2011,1.66
721,Almería,enero_2011,2.51
722,Cádiz,enero_2011,3.05
723,Córdoba,enero_2011,3.12
724,Dos Hermanas,enero_2011,2.23
725,Granada,enero_2011,3.65
726,Huelva,enero_2011,2.47
727,Jaén,enero_2011,6.1
728,Jerez de la Frontera,enero_2011,2.77
729,Marbella,enero_2011,2.04
730,Málaga,enero_2011,2.56
731,Sevilla,enero_2011,3.03
732,Algeciras,febrero_2011,1.48
733,Almería,febrero_2011,2.12
734,Cádiz,febrero_2011,2.79
735,Córdoba,febrero_2011,2.78
736,Dos Hermanas,febrero_2011,2.1
737,Granada,febrero_2011,3.36
738,Huelva,febrero_2011,2.23
739,Jaén,febrero_2011,4.58
740,Jerez de la Frontera,febrero_2011,2.65
741,Marbella,febrero_2011,2.1
742,Málaga,febrero_2011,2.46
743,Sevilla,febrero_2011,2.82
744,Algeciras,marzo_2011,1.8
745,Almería,marzo_2011,2.54
746,Cádiz,marzo_2011,4.45
747,Córdoba,marzo_2011,3.54
748,Dos Hermanas,marzo_2011,2.43
749,Granada,marzo_2011,4.13
750,Huelva,marzo_2011,2.83
751,Jaén,marzo_2011,4.22
752,Jerez de la Frontera,marzo_2011,3.37
753,Marbella,marzo_2011,2.67
754,Málaga,marzo_2011,2.95
755,Sevilla,marzo_2011,3.53
756,Algeciras,abril_2011,1.72
757,Almería,abril_2011,2.2
758,Cádiz,abril_2011,3.15
759,Córdoba,abril_2011,2.81
760,Dos Hermanas,abril_2011,2.01
761,Granada,abril_2011,3.58
762,Huelva,abril_2011,2.89
763,Jaén,abril_2011,3.03
764,Jerez de la Frontera,abril_2011,3.85
765,Marbella,abril_2011,3.19
766,Málaga,abril_2011,2.84
767,Sevilla,abril_2011,3.35
768,Algeciras,mayo_2011,2.04
769,Almería,mayo_2011,2.47
770,Cádiz,mayo_2011,3.42
771,Córdoba,mayo_2011,3.42
772,Dos Hermanas,mayo_2011,2.44
773,Granada,mayo_2011,4.08
774,Huelva,mayo_2011,3.21
775,Jaén,mayo_2011,4.5
776,Jerez de la Frontera,mayo_2011,4.11
777,Marbella,mayo_2011,3.34
778,Málaga,mayo_2011,3.14
779,Sevilla,mayo_2011,3.45
780,Algeciras,junio_2011,2.61
781,Almería,junio_2011,2.56
782,Cádiz,junio_2011,3.81
783,Córdoba,junio_2011,3.37
784,Dos Hermanas,junio_2011,2.35
785,Granada,junio_2011,4.04
786,Huelva,junio_2011,2.91
787,Jaén,junio_2011,3.55
788,Jerez de la Frontera,junio_2011,3.81
789,Marbella,junio_2011,3.89
790,Málaga,junio_2011,3.27
791,Sevilla,junio_2011,4.01
792,Algeciras,julio_2011,2.58
793,Almería,julio_2011,2.81
794,Cádiz,julio_2011,3.96
795,Córdoba,julio_2011,3.16
796,Dos Hermanas,julio_2011,2.28
797,Granada,julio_2011,4.15
798,Huelva,julio_2011,2.88
799,Jaén,julio_2011,3.64
800,Jerez de la Frontera,julio_2011,3.52
801,Marbella,julio_2011,4.68
802,Málaga,julio_2011,3.62
803,Sevilla,julio_2011,3.56
804,Algeciras,agosto_2011,1.93
805,Almería,agosto_2011,2.5
806,Cádiz,agosto_2011,3.18
807,Córdoba,agosto_2011,2.37
808,Dos Hermanas,agosto_2011,2.04
809,Granada,agosto_2011,3.19
810,Huelva,agosto_2011,2.58
811,Jaén,agosto_2011,3.44
812,Jerez de la Frontera,agosto_2011,3.74
813,Marbella,agosto_2011,2.88
814,Málaga,agosto_2011,2.79
815,Sevilla,agosto_2011,2.76
816,Algeciras,septiembre_2011,2.02
817,Almería,septiembre_2011,3.41
818,Cádiz,septiembre_2011,4.23
819,Córdoba,septiembre_2011,3.3
820,Dos Hermanas,septiembre_2011,3.0
821,Granada,septiembre_2011,4.57
822,Huelva,septiembre_2011,3.06
823,Jaén,septiembre_2011,4.25
824,Jerez de la Frontera,septiembre_2011,3.68
825,Marbella,septiembre_2011,3.01
826,Málaga,septiembre_2011,3.6
827,Sevilla,septiembre_2011,3.85
828,Algeciras,octubre_2011,2.14
829,Almería,octubre_2011,2.89
830,Cádiz,octubre_2011,4.09
831,Córdoba,octubre_2011,3.03
832,Dos Hermanas,octubre_2011,2.31
833,Granada,octubre_2011,4.15
834,Huelva,octubre_2011,2.95
835,Jaén,octubre_2011,3.53
836,Jerez de la Frontera,octubre_2011,3.58
837,Marbella,octubre_2011,2.78
838,Málaga,octubre_2011,3.65
839,Sevilla,octubre_2011,3.98
840,Algeciras,noviembre_2011,1.65
841,Almería,noviembre_2011,2.74
842,Cádiz,noviembre_2011,3.76
843,Córdoba,noviembre_2011,3.17
844,Dos Hermanas,noviembre_2011,2.06
845,Granada,noviembre_2011,3.61
846,Huelva,noviembre_2011,3.05
847,Jaén,noviembre_2011,5.74
848,Jerez de la Frontera,noviembre_2011,3.62
849,Marbella,noviembre_2011,2.92
850,Málaga,noviembre_2011,3.57
851,Sevilla,noviembre_2011,3.47
852,Algeciras,diciembre_2011,1.6
853,Almería,diciembre_2011,2.09
854,Cádiz,diciembre_2011,3.68
855,Córdoba,diciembre_2011,3.22
856,Dos Hermanas,diciembre_2011,1.67
857,Granada,diciembre_2011,3.7
858,Huelva,diciembre_2011,2.53
859,Jaén,diciembre_2011,7.12
860,Jerez de la Frontera,diciembre_2011,3.22
861,Marbella,diciembre_2011,2.49
862,Málaga,diciembre_2011,3.15
863,Sevilla,diciembre_2011,3.26
864,Algeciras,enero_2012,1.33
865,Almería,enero_2012,2.14
866,Cádiz,enero_2012,3.22
867,Córdoba,enero_2012,2.94
868,Dos Hermanas,enero_2012,1.75
869,Granada,enero_2012,3.55
870,Huelva,enero_2012,2.48
871,Jaén,enero_2012,5.57
872,Jerez de la Frontera,enero_2012,2.71
873,Marbella,enero_2012,2.12
874,Málaga,enero_2012,2.98
875,Sevilla,enero_2012,2.92
876,Algeciras,febrero_2012,1.43
877,Almería,febrero_2012,1.91
878,Cádiz,febrero_2012,3.56
879,Córdoba,febrero_2012,2.61
880,Dos Hermanas,febrero_2012,1.94
881,Granada,febrero_2012,3.33
882,Huelva,febrero_2012,2.47
883,Jaén,febrero_2012,3.12
884,Jerez de la Frontera,febrero_2012,2.69
885,Marbella,febrero_2012,2.2
886,Málaga,febrero_2012,2.71
887,Sevilla,febrero_2012,2.88
888,Algeciras,marzo_2012,1.52
889,Almería,marzo_2012,2.15
890,Cádiz,marzo_2012,3.27
891,Córdoba,marzo_2012,2.84
892,Dos Hermanas,marzo_2012,2.01
893,Granada,marzo_2012,3.73
894,Huelva,marzo_2012,2.41
895,Jaén,marzo_2012,3.11
896,Jerez de la Frontera,marzo_2012,3.06
897,Marbella,marzo_2012,2.89
898,Málaga,marzo_2012,3.11
899,Sevilla,marzo_2012,3.23
900,Algeciras,abril_2012,1.72
901,Almería,abril_2012,1.9
902,Cádiz,abril_2012,3.2
903,Córdoba,abril_2012,2.67
904,Dos Hermanas,abril_2012,1.99
905,Granada,abril_2012,3.52
906,Huelva,abril_2012,2.37
907,Jaén,abril_2012,2.67
908,Jerez de la Frontera,abril_2012,3.26
909,Marbella,abril_2012,3.33
910,Málaga,abril_2012,2.93
911,Sevilla,abril_2012,3.12
912,Algeciras,mayo_2012,1.78
913,Almería,mayo_2012,2.32
914,Cádiz,mayo_2012,3.64
915,Córdoba,mayo_2012,3.49
916,Dos Hermanas,mayo_2012,2.19
917,Granada,mayo_2012,3.99
918,Huelva,mayo_2012,2.93
919,Jaén,mayo_2012,3.29
920,Jerez de la Frontera,mayo_2012,4.6
921,Marbella,mayo_2012,3.62
922,Málaga,mayo_2012,3.19
923,Sevilla,mayo_2012,3.28
924,Algeciras,junio_2012,2.55
925,Almería,junio_2012,2.39
926,Cádiz,junio_2012,3.44
927,Córdoba,junio_2012,3.1
928,Dos Hermanas,junio_2012,1.94
929,Granada,junio_2012,4.18
930,Huelva,junio_2012,2.54
931,Jaén,junio_2012,3.59
932,Jerez de la Frontera,junio_2012,3.81
933,Marbella,junio_2012,4.24
934,Málaga,junio_2012,3.06
935,Sevilla,junio_2012,3.42
936,Algeciras,julio_2012,2.02
937,Almería,julio_2012,2.62
938,Cádiz,julio_2012,4.04
939,Córdoba,julio_2012,3.08
940,Dos Hermanas,julio_2012,2.26
941,Granada,julio_2012,4.46
942,Huelva,julio_2012,2.74
943,Jaén,julio_2012,3.59
944,Jerez de la Frontera,julio_2012,3.35
945,Marbella,julio_2012,4.48
946,Málaga,julio_2012,3.37
947,Sevilla,julio_2012,3.5
948,Algeciras,agosto_2012,1.8
949,Almería,agosto_2012,2.42
950,Cádiz,agosto_2012,3.98
951,Córdoba,agosto_2012,2.18
952,Dos Hermanas,agosto_2012,1.79
953,Granada,agosto_2012,3.16
954,Huelva,agosto_2012,2.39
955,Jaén,agosto_2012,3.28
956,Jerez de la Frontera,agosto_2012,3.37
957,Marbella,agosto_2012,3.13
958,Málaga,agosto_2012,2.79
959,Sevilla,agosto_2012,2.65
960,Algeciras,septiembre_2012,2.22
961,Almería,septiembre_2012,2.89
962,Cádiz,septiembre_2012,3.62
963,Córdoba,septiembre_2012,2.72
964,Dos Hermanas,septiembre_2012,2.42
965,Granada,septiembre_2012,4.15
966,Huelva,septiembre_2012,2.71
967,Jaén,septiembre_2012,3.5
968,Jerez de la Frontera,septiembre_2012,3.16
969,Marbella,septiembre_2012,3.03
970,Málaga,septiembre_2012,3.28
971,Sevilla,septiembre_2012,3.49
972,Algeciras,octubre_2012,15.62
973,Almería,octubre_2012,14.03
974,Cádiz,octubre_2012,14.07
975,Córdoba,octubre_2012,14.41
976,Dos Hermanas,octubre_2012,14.95
977,Granada,octubre_2012,12.74
978,Huelva,octubre_2012,14.4
979,Jaén,octubre_2012,11.14
980,Jerez de la Frontera,octubre_2012,16.45
981,Marbella,octubre_2012,11.25
982,Málaga,octubre_2012,14.39
983,Sevilla,octubre_2012,12.91
984,Algeciras,noviembre_2012,15.93
985,Almería,noviembre_2012,13.96
986,Cádiz,noviembre_2012,14.5
987,Córdoba,noviembre_2012,14.79
988,Dos Hermanas,noviembre_2012,15.21
989,Granada,noviembre_2012,12.96
990,Huelva,noviembre_2012,14.87
991,Jaén,noviembre_2012,11.45
992,Jerez de la Frontera,noviembre_2012,16.92
993,Marbella,noviembre_2012,11.94
994,Málaga,noviembre_2012,14.91
995,Sevilla,noviembre_2012,13.05
996,Algeciras,diciembre_2012,15.4
997,Almería,diciembre_2012,13.36
998,Cádiz,diciembre_2012,14.2
999,Córdoba,diciembre_2012,14.47
1000,Dos Hermanas,diciembre_2012,15.02
1001,Granada,diciembre_2012,12.45
1002,Huelva,diciembre_2012,14.72
1003,Jaén,diciembre_2012,10.97
1004,Jerez de la Frontera,diciembre_2012,16.63
1005,Marbella,diciembre_2012,12.03
1006,Málaga,diciembre_2012,14.63
1007,Sevilla,diciembre_2012,12.72
1008,Algeciras,enero_2013,15.6
1009,Almería,enero_2013,13.14
1010,Cádiz,enero_2013,14.31
1011,Córdoba,enero_2013,14.79
1012,Dos Hermanas,enero_2013,14.91
1013,Granada,enero_2013,12.6
1014,Huelva,enero_2013,14.59
1015,Jaén,enero_2013,11.2
1016,Jerez de la Frontera,enero_2013,17.17
1017,Marbella,enero_2013,12.01
1018,Málaga,enero_2013,14.79
1019,Sevilla,enero_2013,12.77
1020,Algeciras,febrero_2013,15.96
1021,Almería,febrero_2013,13.7
1022,Cádiz,febrero_2013,14.43
1023,Córdoba,febrero_2013,15.01
1024,Dos Hermanas,febrero_2013,14.96
1025,Granada,febrero_2013,12.91
1026,Huelva,febrero_2013,14.68
1027,Jaén,febrero_2013,11.76
1028,Jerez de la Frontera,febrero_2013,17.57
1029,Marbella,febrero_2013,12.13
1030,Málaga,febrero_2013,15.09
1031,Sevilla,febrero_2013,13.05
1032,Algeciras,marzo_2013,16.18
1033,Almería,marzo_2013,13.94
1034,Cádiz,marzo_2013,14.54
1035,Córdoba,marzo_2013,14.99
1036,Dos Hermanas,marzo_2013,14.91
1037,Granada,marzo_2013,12.88
1038,Huelva,marzo_2013,14.65
1039,Jaén,marzo_2013,11.97
1040,Jerez de la Frontera,marzo_2013,17.36
1041,Marbella,marzo_2013,11.79
1042,Málaga,marzo_2013,15.04
1043,Sevilla,marzo_2013,13.0
1044,Algeciras,abril_2013,15.87
1045,Almería,abril_2013,14.07
1046,Cádiz,abril_2013,14.63
1047,Córdoba,abril_2013,14.84
1048,Dos Hermanas,abril_2013,14.9
1049,Granada,abril_2013,12.77
1050,Huelva,abril_2013,14.03
1051,Jaén,abril_2013,11.88
1052,Jerez de la Frontera,abril_2013,17.07
1053,Marbella,abril_2013,11.7
1054,Málaga,abril_2013,15.01
1055,Sevilla,abril_2013,12.81
1056,Algeciras,mayo_2013,15.52
1057,Almería,mayo_2013,13.89
1058,Cádiz,mayo_2013,14.41
1059,Córdoba,mayo_2013,14.32
1060,Dos Hermanas,mayo_2013,14.89
1061,Granada,mayo_2013,12.35
1062,Huelva,mayo_2013,13.61
1063,Jaén,mayo_2013,11.54
1064,Jerez de la Frontera,mayo_2013,16.6
1065,Marbella,mayo_2013,11.2
1066,Málaga,mayo_2013,14.74
1067,Sevilla,mayo_2013,12.78
1068,Algeciras,junio_2013,15.03
1069,Almería,junio_2013,13.69
1070,Cádiz,junio_2013,14.06
1071,Córdoba,junio_2013,14.02
1072,Dos Hermanas,junio_2013,14.81
1073,Granada,junio_2013,12.04
1074,Huelva,junio_2013,13.44
1075,Jaén,junio_2013,11.09
1076,Jerez de la Frontera,junio_2013,16.38
1077,Marbella,junio_2013,10.45
1078,Málaga,junio_2013,14.31
1079,Sevilla,junio_2013,12.71
1080,Algeciras,julio_2013,14.77
1081,Almería,julio_2013,13.71
1082,Cádiz,julio_2013,13.75
1083,Córdoba,julio_2013,13.83
1084,Dos Hermanas,julio_2013,14.73
1085,Granada,julio_2013,11.9
1086,Huelva,julio_2013,13.59
1087,Jaén,julio_2013,11.13
1088,Jerez de la Frontera,julio_2013,16.16
1089,Marbella,julio_2013,9.86
1090,Málaga,julio_2013,13.97
1091,Sevilla,julio_2013,12.66
1092,Algeciras,agosto_2013,14.5
1093,Almería,agosto_2013,13.67
1094,Cádiz,agosto_2013,13.55
1095,Córdoba,agosto_2013,13.81
1096,Dos Hermanas,agosto_2013,14.66
1097,Granada,agosto_2013,11.82
1098,Huelva,agosto_2013,13.73
1099,Jaén,agosto_2013,11.15
1100,Jerez de la Frontera,agosto_2013,16.16
1101,Marbella,agosto_2013,9.57
1102,Málaga,agosto_2013,13.69
1103,Sevilla,agosto_2013,12.66
1104,Algeciras,septiembre_2013,14.77
1105,Almería,septiembre_2013,13.94
1106,Cádiz,septiembre_2013,13.72
1107,Córdoba,septiembre_2013,13.96
1108,Dos Hermanas,septiembre_2013,14.63
1109,Granada,septiembre_2013,12.09
1110,Huelva,septiembre_2013,13.73
1111,Jaén,septiembre_2013,11.12
1112,Jerez de la Frontera,septiembre_2013,16.7
1113,Marbella,septiembre_2013,9.95
1114,Málaga,septiembre_2013,13.85
1115,Sevilla,septiembre_2013,12.68
1116,Algeciras,octubre_2013,15.23
1117,Almería,octubre_2013,13.63
1118,Cádiz,octubre_2013,14.09
1119,Córdoba,octubre_2013,14.2
1120,Dos Hermanas,octubre_2013,15.07
1121,Granada,octubre_2013,12.4
1122,Huelva,octubre_2013,14.17
1123,Jaén,octubre_2013,11.14
1124,Jerez de la Frontera,octubre_2013,17.2
1125,Marbella,octubre_2013,10.56
1126,Málaga,octubre_2013,14.46
1127,Sevilla,octubre_2013,12.89
1128,Algeciras,noviembre_2013,15.35
1129,Almería,noviembre_2013,13.32
1130,Cádiz,noviembre_2013,14.27
1131,Córdoba,noviembre_2013,14.18
1132,Dos Hermanas,noviembre_2013,15.21
1133,Granada,noviembre_2013,12.25
1134,Huelva,noviembre_2013,14.05
1135,Jaén,noviembre_2013,10.83
1136,Jerez de la Frontera,noviembre_2013,16.87
1137,Marbella,noviembre_2013,11.01
1138,Málaga,noviembre_2013,14.41
1139,Sevilla,noviembre_2013,12.96
1140,Algeciras,diciembre_2013,14.97
1141,Almería,diciembre_2013,13.07
1142,Cádiz,diciembre_2013,14.01
1143,Córdoba,diciembre_2013,13.71
1144,Dos Hermanas,diciembre_2013,15.01
1145,Granada,diciembre_2013,11.72
1146,Huelva,diciembre_2013,13.91
1147,Jaén,diciembre_2013,10.04
1148,Jerez de la Frontera,diciembre_2013,16.52
1149,Marbella,diciembre_2013,11.03
1150,Málaga,diciembre_2013,14.16
1151,Sevilla,diciembre_2013,12.62
1152,Algeciras,enero_2014,15.23
1153,Almería,enero_2014,13.28
1154,Cádiz,enero_2014,14.38
1155,Córdoba,enero_2014,14.19
1156,Dos Hermanas,enero_2014,15.19
1157,Granada,enero_2014,11.89
1158,Huelva,enero_2014,14.32
1159,Jaén,enero_2014,10.42
1160,Jerez de la Frontera,enero_2014,16.89
1161,Marbella,enero_2014,11.47
1162,Málaga,enero_2014,14.59
1163,Sevilla,enero_2014,13.04
1164,Algeciras,febrero_2014,15.51
1165,Almería,febrero_2014,13.45
1166,Cádiz,febrero_2014,14.3
1167,Córdoba,febrero_2014,14.2
1168,Dos Hermanas,febrero_2014,15.08
1169,Granada,febrero_2014,12.01
1170,Huelva,febrero_2014,14.4
1171,Jaén,febrero_2014,10.74
1172,Jerez de la Frontera,febrero_2014,17.11
1173,Marbella,febrero_2014,11.86
1174,Málaga,febrero_2014,14.83
1175,Sevilla,febrero_2014,13.16
1176,Algeciras,marzo_2014,15.65
1177,Almería,marzo_2014,13.58
1178,Cádiz,marzo_2014,14.86
1179,Córdoba,marzo_2014,14.25
1180,Dos Hermanas,marzo_2014,15.04
1181,Granada,marzo_2014,12.17
1182,Huelva,marzo_2014,14.27
1183,Jaén,marzo_2014,11.3
1184,Jerez de la Frontera,marzo_2014,16.94
1185,Marbella,marzo_2014,11.65
1186,Málaga,marzo_2014,14.86
1187,Sevilla,marzo_2014,13.2
1188,Algeciras,abril_2014,15.17
1189,Almería,abril_2014,13.32
1190,Cádiz,abril_2014,14.44
1191,Córdoba,abril_2014,13.99
1192,Dos Hermanas,abril_2014,14.64
1193,Granada,abril_2014,11.98
1194,Huelva,abril_2014,13.76
1195,Jaén,abril_2014,11.22
1196,Jerez de la Frontera,abril_2014,16.44
1197,Marbella,abril_2014,10.88
1198,Málaga,abril_2014,14.45
1199,Sevilla,abril_2014,12.86
1200,Algeciras,mayo_2014,14.58
1201,Almería,mayo_2014,13.45
1202,Cádiz,mayo_2014,14.31
1203,Córdoba,mayo_2014,13.67
1204,Dos Hermanas,mayo_2014,14.51
1205,Granada,mayo_2014,11.84
1206,Huelva,mayo_2014,13.56
1207,Jaén,mayo_2014,11.12
1208,Jerez de la Frontera,mayo_2014,16.08
1209,Marbella,mayo_2014,10.35
1210,Málaga,mayo_2014,14.17
1211,Sevilla,mayo_2014,12.63
1212,Algeciras,junio_2014,13.91
1213,Almería,junio_2014,13.36
1214,Cádiz,junio_2014,13.83
1215,Córdoba,junio_2014,13.51
1216,Dos Hermanas,junio_2014,14.36
1217,Granada,junio_2014,11.46
1218,Huelva,junio_2014,13.17
1219,Jaén,junio_2014,10.51
1220,Jerez de la Frontera,junio_2014,15.78
1221,Marbella,junio_2014,9.76
1222,Málaga,junio_2014,13.76
1223,Sevilla,junio_2014,12.54
1224,Algeciras,julio_2014,13.4
1225,Almería,julio_2014,13.41
1226,Cádiz,julio_2014,13.33
1227,Córdoba,julio_2014,13.49
1228,Dos Hermanas,julio_2014,14.19
1229,Granada,julio_2014,11.41
1230,Huelva,julio_2014,13.18
1231,Jaén,julio_2014,10.35
1232,Jerez de la Frontera,julio_2014,15.82
1233,Marbella,julio_2014,9.34
1234,Málaga,julio_2014,13.48
1235,Sevilla,julio_2014,12.49
1236,Algeciras,agosto_2014,13.18
1237,Almería,agosto_2014,13.33
1238,Cádiz,agosto_2014,13.26
1239,Córdoba,agosto_2014,13.54
1240,Dos Hermanas,agosto_2014,14.29
1241,Granada,agosto_2014,11.31
1242,Huelva,agosto_2014,13.32
1243,Jaén,agosto_2014,10.47
1244,Jerez de la Frontera,agosto_2014,15.54
1245,Marbella,agosto_2014,9.15
1246,Málaga,agosto_2014,13.3
1247,Sevilla,agosto_2014,12.53
1248,Algeciras,septiembre_2014,13.52
1249,Almería,septiembre_2014,13.64
1250,Cádiz,septiembre_2014,13.69
1251,Córdoba,septiembre_2014,13.69
1252,Dos Hermanas,septiembre_2014,14.52
1253,Granada,septiembre_2014,11.61
1254,Huelva,septiembre_2014,13.75
1255,Jaén,septiembre_2014,10.83
1256,Jerez de la Frontera,septiembre_2014,15.92
1257,Marbella,septiembre_2014,9.72
1258,Málaga,septiembre_2014,13.43
1259,Sevilla,septiembre_2014,12.7
1260,Algeciras,octubre_2014,14.15
1261,Almería,octubre_2014,13.53
1262,Cádiz,octubre_2014,14.03
1263,Córdoba,octubre_2014,13.8
1264,Dos Hermanas,octubre_2014,14.48
1265,Granada,octubre_2014,11.99
1266,Huelva,octubre_2014,13.97
1267,Jaén,octubre_2014,11.15
1268,Jerez de la Frontera,octubre_2014,16.17
1269,Marbella,octubre_2014,10.17
1270,Málaga,octubre_2014,13.94
1271,Sevilla,octubre_2014,12.85
1272,Algeciras,noviembre_2014,14.48
1273,Almería,noviembre_2014,13.13
1274,Cádiz,noviembre_2014,14.26
1275,Córdoba,noviembre_2014,13.8
1276,Dos Hermanas,noviembre_2014,14.46
1277,Granada,noviembre_2014,12.0
1278,Huelva,noviembre_2014,14.24
1279,Jaén,noviembre_2014,10.77
1280,Jerez de la Frontera,noviembre_2014,16.18
1281,Marbella,noviembre_2014,10.64
1282,Málaga,noviembre_2014,13.97
1283,Sevilla,noviembre_2014,12.77
1284,Algeciras,diciembre_2014,13.9
1285,Almería,diciembre_2014,12.73
1286,Cádiz,diciembre_2014,13.87
1287,Córdoba,diciembre_2014,13.35
1288,Dos Hermanas,diciembre_2014,14.26
1289,Granada,diciembre_2014,11.45
1290,Huelva,diciembre_2014,13.87
1291,Jaén,diciembre_2014,10.28
1292,Jerez de la Frontera,diciembre_2014,15.98
1293,Marbella,diciembre_2014,10.64
1294,Málaga,diciembre_2014,13.66
1295,Sevilla,diciembre_2014,12.4
1296,Algeciras,enero_2015,14.28
1297,Almería,enero_2015,12.91
1298,Cádiz,enero_2015,14.2
1299,Córdoba,enero_2015,13.66
1300,Dos Hermanas,enero_2015,14.26
1301,Granada,enero_2015,11.73
1302,Huelva,enero_2015,14.09
1303,Jaén,enero_2015,10.79
1304,Jerez de la Frontera,enero_2015,16.34
1305,Marbella,enero_2015,10.93
1306,Málaga,enero_2015,13.79
1307,Sevilla,enero_2015,12.68
1308,Algeciras,febrero_2015,14.44
1309,Almería,febrero_2015,12.84
1310,Cádiz,febrero_2015,13.99
1311,Córdoba,febrero_2015,13.61
1312,Dos Hermanas,febrero_2015,14.37
1313,Granada,febrero_2015,11.85
1314,Huelva,febrero_2015,14.23
1315,Jaén,febrero_2015,10.9
1316,Jerez de la Frontera,febrero_2015,16.42
1317,Marbella,febrero_2015,11.08
1318,Málaga,febrero_2015,13.73
1319,Sevilla,febrero_2015,12.7
1320,Algeciras,marzo_2015,14.38
1321,Almería,marzo_2015,12.76
1322,Cádiz,marzo_2015,13.94
1323,Córdoba,marzo_2015,13.47
1324,Dos Hermanas,marzo_2015,14.18
1325,Granada,marzo_2015,11.83
1326,Huelva,marzo_2015,14.04
1327,Jaén,marzo_2015,10.71
1328,Jerez de la Frontera,marzo_2015,16.11
1329,Marbella,marzo_2015,10.51
1330,Málaga,marzo_2015,13.43
1331,Sevilla,marzo_2015,12.54
1332,Algeciras,abril_2015,14.19
1333,Almería,abril_2015,12.64
1334,Cádiz,abril_2015,13.95
1335,Córdoba,abril_2015,13.31
1336,Dos Hermanas,abril_2015,13.97
1337,Granada,abril_2015,11.67
1338,Huelva,abril_2015,13.5
1339,Jaén,abril_2015,10.85
1340,Jerez de la Frontera,abril_2015,15.83
1341,Marbella,abril_2015,10.18
1342,Málaga,abril_2015,13.31
1343,Sevilla,abril_2015,12.28
1344,Algeciras,mayo_2015,13.73
1345,Almería,mayo_2015,12.7
1346,Cádiz,mayo_2015,13.96
1347,Córdoba,mayo_2015,13.18
1348,Dos Hermanas,mayo_2015,13.86
1349,Granada,mayo_2015,11.58
1350,Huelva,mayo_2015,12.91
1351,Jaén,mayo_2015,10.87
1352,Jerez de la Frontera,mayo_2015,15.53
1353,Marbella,mayo_2015,9.72
1354,Málaga,mayo_2015,13.11
1355,Sevilla,mayo_2015,12.35
1356,Algeciras,junio_2015,13.31
1357,Almería,junio_2015,12.87
1358,Cádiz,junio_2015,13.8
1359,Córdoba,junio_2015,13.08
1360,Dos Hermanas,junio_2015,13.78
1361,Granada,junio_2015,11.3
1362,Huelva,junio_2015,12.76
1363,Jaén,junio_2015,10.56
1364,Jerez de la Frontera,junio_2015,15.53
1365,Marbella,junio_2015,9.31
1366,Málaga,junio_2015,12.88
1367,Sevilla,junio_2015,12.17
1368,Algeciras,julio_2015,12.75
1369,Almería,julio_2015,12.7
1370,Cádiz,julio_2015,13.14
1371,Córdoba,julio_2015,12.88
1372,Dos Hermanas,julio_2015,13.59
1373,Granada,julio_2015,11.01
1374,Huelva,julio_2015,12.39
1375,Jaén,julio_2015,10.44
1376,Jerez de la Frontera,julio_2015,15.17
1377,Marbella,julio_2015,8.6
1378,Málaga,julio_2015,12.49
1379,Sevilla,julio_2015,12.09
1380,Algeciras,agosto_2015,12.6
1381,Almería,agosto_2015,12.62
1382,Cádiz,agosto_2015,13.1
1383,Córdoba,agosto_2015,13.1
1384,Dos Hermanas,agosto_2015,13.69
1385,Granada,agosto_2015,11.03
1386,Huelva,agosto_2015,12.43
1387,Jaén,agosto_2015,10.45
1388,Jerez de la Frontera,agosto_2015,15.09
1389,Marbella,agosto_2015,8.43
1390,Málaga,agosto_2015,12.3
1391,Sevilla,agosto_2015,12.12
1392,Algeciras,septiembre_2015,13.15
1393,Almería,septiembre_2015,12.86
1394,Cádiz,septiembre_2015,13.55
1395,Córdoba,septiembre_2015,13.16
1396,Dos Hermanas,septiembre_2015,13.71
1397,Granada,septiembre_2015,11.35
1398,Huelva,septiembre_2015,12.65
1399,Jaén,septiembre_2015,10.74
1400,Jerez de la Frontera,septiembre_2015,15.5
1401,Marbella,septiembre_2015,9.0
1402,Málaga,septiembre_2015,12.6
1403,Sevilla,septiembre_2015,12.18
1404,Algeciras,octubre_2015,13.67
1405,Almería,octubre_2015,12.54
1406,Cádiz,octubre_2015,13.89
1407,Córdoba,octubre_2015,13.26
1408,Dos Hermanas,octubre_2015,13.79
1409,Granada,octubre_2015,11.48
1410,Huelva,octubre_2015,13.15
1411,Jaén,octubre_2015,10.62
1412,Jerez de la Frontera,octubre_2015,15.79
1413,Marbella,octubre_2015,9.42
1414,Málaga,octubre_2015,12.87
1415,Sevilla,octubre_2015,12.17
1416,Algeciras,noviembre_2015,13.74
1417,Almería,noviembre_2015,12.06
1418,Cádiz,noviembre_2015,13.79
1419,Córdoba,noviembre_2015,12.98
1420,Dos Hermanas,noviembre_2015,13.7
1421,Granada,noviembre_2015,11.45
1422,Huelva,noviembre_2015,13.14
1423,Jaén,noviembre_2015,10.06
1424,Jerez de la Frontera,noviembre_2015,15.79
1425,Marbella,noviembre_2015,9.77
1426,Málaga,noviembre_2015,13.0
1427,Sevilla,noviembre_2015,12.04
1428,Algeciras,diciembre_2015,13.45
1429,Almería,diciembre_2015,11.64
1430,Cádiz,diciembre_2015,13.31
1431,Córdoba,diciembre_2015,12.63
1432,Dos Hermanas,diciembre_2015,13.56
1433,Granada,diciembre_2015,10.97
1434,Huelva,diciembre_2015,12.7
1435,Jaén,diciembre_2015,9.35
1436,Jerez de la Frontera,diciembre_2015,15.47
1437,Marbella,diciembre_2015,9.84
1438,Málaga,diciembre_2015,12.57
1439,Sevilla,diciembre_2015,11.8
1440,Algeciras,enero_2016,13.16
1441,Almería,enero_2016,11.52
1442,Cádiz,enero_2016,13.64
1443,Córdoba,enero_2016,12.92
1444,Dos Hermanas,enero_2016,13.56
1445,Granada,enero_2016,11.09
1446,Huelva,enero_2016,12.47
1447,Jaén,enero_2016,9.74
1448,Jerez de la Frontera,enero_2016,15.66
1449,Marbella,enero_2016,9.95
1450,Málaga,enero_2016,12.62
1451,Sevilla,enero_2016,12.08
1452,Algeciras,febrero_2016,13.21
1453,Almería,febrero_2016,11.74
1454,Cádiz,febrero_2016,13.61
1455,Córdoba,febrero_2016,13.06
1456,Dos Hermanas,febrero_2016,13.7
1457,Granada,febrero_2016,11.22
1458,Huelva,febrero_2016,12.43
1459,Jaén,febrero_2016,10.22
1460,Jerez de la Frontera,febrero_2016,15.59
1461,Marbella,febrero_2016,9.98
1462,Málaga,febrero_2016,12.68
1463,Sevilla,febrero_2016,12.3
1464,Algeciras,marzo_2016,13.15
1465,Almería,marzo_2016,11.76
1466,Cádiz,marzo_2016,13.75
1467,Córdoba,marzo_2016,13.37
1468,Dos Hermanas,marzo_2016,13.52
1469,Granada,marzo_2016,11.24
1470,Huelva,marzo_2016,12.34
1471,Jaén,marzo_2016,10.33
1472,Jerez de la Frontera,marzo_2016,15.57
1473,Marbella,marzo_2016,9.34
1474,Málaga,marzo_2016,12.58
1475,Sevilla,marzo_2016,12.16
1476,Algeciras,abril_2016,13.02
1477,Almería,abril_2016,11.91
1478,Cádiz,abril_2016,13.53
1479,Córdoba,abril_2016,13.04
1480,Dos Hermanas,abril_2016,13.3
1481,Granada,abril_2016,11.11
1482,Huelva,abril_2016,12.05
1483,Jaén,abril_2016,10.21
1484,Jerez de la Frontera,abril_2016,15.2
1485,Marbella,abril_2016,9.22
1486,Málaga,abril_2016,12.5
1487,Sevilla,abril_2016,12.03
1488,Algeciras,mayo_2016,12.75
1489,Almería,mayo_2016,11.75
1490,Cádiz,mayo_2016,13.33
1491,Córdoba,mayo_2016,12.67
1492,Dos Hermanas,mayo_2016,13.29
1493,Granada,mayo_2016,10.8
1494,Huelva,mayo_2016,12.0
1495,Jaén,mayo_2016,10.03
1496,Jerez de la Frontera,mayo_2016,14.92
1497,Marbella,mayo_2016,8.87
1498,Málaga,mayo_2016,12.25
1499,Sevilla,mayo_2016,11.85
1500,Algeciras,junio_2016,12.12
1501,Almería,junio_2016,11.81
1502,Cádiz,junio_2016,12.85
1503,Córdoba,junio_2016,12.3
1504,Dos Hermanas,junio_2016,13.06
1505,Granada,junio_2016,10.58
1506,Huelva,junio_2016,11.92
1507,Jaén,junio_2016,9.74
1508,Jerez de la Frontera,junio_2016,14.66
1509,Marbella,junio_2016,8.15
1510,Málaga,junio_2016,11.84
1511,Sevilla,junio_2016,11.69
1512,Algeciras,julio_2016,11.38
1513,Almería,julio_2016,11.57
1514,Cádiz,julio_2016,12.1
1515,Córdoba,julio_2016,12.12
1516,Dos Hermanas,julio_2016,12.68
1517,Granada,julio_2016,10.36
1518,Huelva,julio_2016,11.56
1519,Jaén,julio_2016,9.44
1520,Jerez de la Frontera,julio_2016,14.3
1521,Marbella,julio_2016,7.77
1522,Málaga,julio_2016,11.51
1523,Sevilla,julio_2016,11.51
1524,Algeciras,agosto_2016,11.49
1525,Almería,agosto_2016,11.4
1526,Cádiz,agosto_2016,12.02
1527,Córdoba,agosto_2016,12.26
1528,Dos Hermanas,agosto_2016,12.61
1529,Granada,agosto_2016,10.42
1530,Huelva,agosto_2016,11.54
1531,Jaén,agosto_2016,9.43
1532,Jerez de la Frontera,agosto_2016,14.22
1533,Marbella,agosto_2016,7.64
1534,Málaga,agosto_2016,11.4
1535,Sevilla,agosto_2016,11.6
1536,Algeciras,septiembre_2016,11.67
1537,Almería,septiembre_2016,11.67
1538,Cádiz,septiembre_2016,12.41
1539,Córdoba,septiembre_2016,12.28
1540,Dos Hermanas,septiembre_2016,12.66
1541,Granada,septiembre_2016,10.54
1542,Huelva,septiembre_2016,11.82
1543,Jaén,septiembre_2016,9.52
1544,Jerez de la Frontera,septiembre_2016,14.69
1545,Marbella,septiembre_2016,8.05
1546,Málaga,septiembre_2016,11.59
1547,Sevilla,septiembre_2016,11.62
1548,Algeciras,octubre_2016,12.46
1549,Almería,octubre_2016,11.36
1550,Cádiz,octubre_2016,12.7
1551,Córdoba,octubre_2016,12.23
1552,Dos Hermanas,octubre_2016,12.73
1553,Granada,octubre_2016,10.7
1554,Huelva,octubre_2016,12.21
1555,Jaén,octubre_2016,9.55
1556,Jerez de la Frontera,octubre_2016,14.82
1557,Marbella,octubre_2016,8.59
1558,Málaga,octubre_2016,11.84
1559,Sevilla,octubre_2016,11.67
1560,Algeciras,noviembre_2016,12.6
1561,Almería,noviembre_2016,11.07
1562,Cádiz,noviembre_2016,12.84
1563,Córdoba,noviembre_2016,12.09
1564,Dos Hermanas,noviembre_2016,12.74
1565,Granada,noviembre_2016,10.69
1566,Huelva,noviembre_2016,12.16
1567,Jaén,noviembre_2016,9.35
1568,Jerez de la Frontera,noviembre_2016,15.01
1569,Marbella,noviembre_2016,9.1
1570,Málaga,noviembre_2016,11.95
1571,Sevilla,noviembre_2016,11.59
1572,Algeciras,diciembre_2016,12.41
1573,Almería,diciembre_2016,10.62
1574,Cádiz,diciembre_2016,12.51
1575,Córdoba,diciembre_2016,11.65
1576,Dos Hermanas,diciembre_2016,12.36
1577,Granada,diciembre_2016,10.12
1578,Huelva,diciembre_2016,11.82
1579,Jaén,diciembre_2016,8.38
1580,Jerez de la Frontera,diciembre_2016,14.66
1581,Marbella,diciembre_2016,9.16
1582,Málaga,diciembre_2016,11.65
1583,Sevilla,diciembre_2016,11.24
1584,Algeciras,enero_2017,12.36
1585,Almería,enero_2017,10.64
1586,Cádiz,enero_2017,12.86
1587,Córdoba,enero_2017,11.91
1588,Dos Hermanas,enero_2017,12.37
1589,Granada,enero_2017,10.43
1590,Huelva,enero_2017,11.76
1591,Jaén,enero_2017,8.67
1592,Jerez de la Frontera,enero_2017,14.79
1593,Marbella,enero_2017,9.41
1594,Málaga,enero_2017,11.73
1595,Sevilla,enero_2017,11.41
1596,Algeciras,febrero_2017,12.56
1597,Almería,febrero_2017,10.66
1598,Cádiz,febrero_2017,12.42
1599,Córdoba,febrero_2017,11.93
1600,Dos Hermanas,febrero_2017,12.44
1601,Granada,febrero_2017,10.39
1602,Huelva,febrero_2017,11.73
1603,Jaén,febrero_2017,9.1
1604,Jerez de la Frontera,febrero_2017,14.68
1605,Marbella,febrero_2017,9.48
1606,Málaga,febrero_2017,11.7
1607,Sevilla,febrero_2017,11.4
1608,Algeciras,marzo_2017,12.54
1609,Almería,marzo_2017,10.59
1610,Cádiz,marzo_2017,12.63
1611,Córdoba,marzo_2017,11.84
1612,Dos Hermanas,marzo_2017,12.41
1613,Granada,marzo_2017,10.25
1614,Huelva,marzo_2017,11.44
1615,Jaén,marzo_2017,9.25
1616,Jerez de la Frontera,marzo_2017,14.52
1617,Marbella,marzo_2017,9.21
1618,Málaga,marzo_2017,11.56
1619,Sevilla,marzo_2017,11.26
1620,Algeciras,abril_2017,12.19
1621,Almería,abril_2017,10.35
1622,Cádiz,abril_2017,12.33
1623,Córdoba,abril_2017,11.56
1624,Dos Hermanas,abril_2017,12.03
1625,Granada,abril_2017,10.06
1626,Huelva,abril_2017,10.69
1627,Jaén,abril_2017,8.99
1628,Jerez de la Frontera,abril_2017,14.12
1629,Marbella,abril_2017,8.38
1630,Málaga,abril_2017,11.22
1631,Sevilla,abril_2017,10.9
1632,Algeciras,mayo_2017,11.82
1633,Almería,mayo_2017,10.21
1634,Cádiz,mayo_2017,11.85
1635,Córdoba,mayo_2017,11.33
1636,Dos Hermanas,mayo_2017,11.77
1637,Granada,mayo_2017,9.92
1638,Huelva,mayo_2017,10.32
1639,Jaén,mayo_2017,8.68
1640,Jerez de la Frontera,mayo_2017,13.47
1641,Marbella,mayo_2017,7.91
1642,Málaga,mayo_2017,10.93
1643,Sevilla,mayo_2017,10.74
1644,Algeciras,junio_2017,11.08
1645,Almería,junio_2017,10.22
1646,Cádiz,junio_2017,11.3
1647,Córdoba,junio_2017,11.13
1648,Dos Hermanas,junio_2017,11.58
1649,Granada,junio_2017,9.58
1650,Huelva,junio_2017,10.48
1651,Jaén,junio_2017,8.47
1652,Jerez de la Frontera,junio_2017,13.03
1653,Marbella,junio_2017,7.28
1654,Málaga,junio_2017,10.59
1655,Sevilla,junio_2017,10.54
1656,Algeciras,julio_2017,10.77
1657,Almería,julio_2017,10.36
1658,Cádiz,julio_2017,10.89
1659,Córdoba,julio_2017,11.11
1660,Dos Hermanas,julio_2017,11.32
1661,Granada,julio_2017,9.65
1662,Huelva,julio_2017,10.72
1663,Jaén,julio_2017,8.43
1664,Jerez de la Frontera,julio_2017,13.01
1665,Marbella,julio_2017,6.94
1666,Málaga,julio_2017,10.39
1667,Sevilla,julio_2017,10.5
1668,Algeciras,agosto_2017,11.09
1669,Almería,agosto_2017,10.59
1670,Cádiz,agosto_2017,11.06
1671,Córdoba,agosto_2017,11.34
1672,Dos Hermanas,agosto_2017,11.74
1673,Granada,agosto_2017,9.92
1674,Huelva,agosto_2017,11.16
1675,Jaén,agosto_2017,8.64
1676,Jerez de la Frontera,agosto_2017,13.14
1677,Marbella,agosto_2017,6.95
1678,Málaga,agosto_2017,10.56
1679,Sevilla,agosto_2017,10.73
1680,Algeciras,septiembre_2017,11.53
1681,Almería,septiembre_2017,10.78
1682,Cádiz,septiembre_2017,11.38
1683,Córdoba,septiembre_2017,11.3
1684,Dos Hermanas,septiembre_2017,11.85
1685,Granada,septiembre_2017,10.09
1686,Huelva,septiembre_2017,11.42
1687,Jaén,septiembre_2017,8.88
1688,Jerez de la Frontera,septiembre_2017,13.42
1689,Marbella,septiembre_2017,7.44
1690,Málaga,septiembre_2017,10.65
1691,Sevilla,septiembre_2017,10.77
1692,Algeciras,octubre_2017,11.82
1693,Almería,octubre_2017,10.61
1694,Cádiz,octubre_2017,11.66
1695,Córdoba,octubre_2017,11.38
1696,Dos Hermanas,octubre_2017,11.96
1697,Granada,octubre_2017,10.25
1698,Huelva,octubre_2017,11.65
1699,Jaén,octubre_2017,8.98
1700,Jerez de la Frontera,octubre_2017,13.67
1701,Marbella,octubre_2017,8.03
1702,Málaga,octubre_2017,10.9
1703,Sevilla,octubre_2017,10.89
1704,Algeciras,noviembre_2017,11.88
1705,Almería,noviembre_2017,10.18
1706,Cádiz,noviembre_2017,11.63
1707,Córdoba,noviembre_2017,11.16
1708,Dos Hermanas,noviembre_2017,11.84
1709,Granada,noviembre_2017,10.24
1710,Huelva,noviembre_2017,11.84
1711,Jaén,noviembre_2017,8.56
1712,Jerez de la Frontera,noviembre_2017,13.68
1713,Marbella,noviembre_2017,8.59
1714,Málaga,noviembre_2017,10.99
1715,Sevilla,noviembre_2017,10.76
1716,Algeciras,diciembre_2017,11.6
1717,Almería,diciembre_2017,9.82
1718,Cádiz,diciembre_2017,11.36
1719,Córdoba,diciembre_2017,10.71
1720,Dos Hermanas,diciembre_2017,11.58
1721,Granada,diciembre_2017,9.76
1722,Huelva,diciembre_2017,11.66
1723,Jaén,diciembre_2017,7.79
1724,Jerez de la Frontera,diciembre_2017,13.46
1725,Marbella,diciembre_2017,8.81
1726,Málaga,diciembre_2017,10.85
1727,Sevilla,diciembre_2017,10.54
1728,Algeciras,enero_2018,11.81
1729,Almería,enero_2018,13.05
1730,Cádiz,enero_2018,11.76
1731,Córdoba,enero_2018,11.05
1732,Dos Hermanas,enero_2018,11.66
1733,Granada,enero_2018,10.05
1734,Huelva,enero_2018,11.69
1735,Jaén,enero_2018,8.21
1736,Jerez de la Frontera,enero_2018,13.72
1737,Marbella,enero_2018,9.07
1738,Málaga,enero_2018,10.92
1739,Sevilla,enero_2018,10.65
1740,Algeciras,febrero_2018,11.96
1741,Almería,febrero_2018,9.77
1742,Cádiz,febrero_2018,11.68
1743,Córdoba,febrero_2018,11.11
1744,Dos Hermanas,febrero_2018,11.63
1745,Granada,febrero_2018,10.17
1746,Huelva,febrero_2018,11.52
1747,Jaén,febrero_2018,8.54
1748,Jerez de la Frontera,febrero_2018,13.73
1749,Marbella,febrero_2018,8.94
1750,Málaga,febrero_2018,11.03
1751,Sevilla,febrero_2018,10.72
1752,Algeciras,marzo_2018,12.02
1753,Almería,marzo_2018,9.73
1754,Cádiz,marzo_2018,11.7
1755,Córdoba,marzo_2018,11.1
1756,Dos Hermanas,marzo_2018,11.69
1757,Granada,marzo_2018,10.04
1758,Huelva,marzo_2018,11.14
1759,Jaén,marzo_2018,8.68
1760,Jerez de la Frontera,marzo_2018,13.58
1761,Marbella,marzo_2018,8.28
1762,Málaga,marzo_2018,10.9
1763,Sevilla,marzo_2018,10.63
1764,Algeciras,abril_2018,11.83
1765,Almería,abril_2018,9.76
1766,Cádiz,abril_2018,11.52
1767,Córdoba,abril_2018,10.86
1768,Dos Hermanas,abril_2018,11.31
1769,Granada,abril_2018,9.95
1770,Huelva,abril_2018,10.57
1771,Jaén,abril_2018,8.6
1772,Jerez de la Frontera,abril_2018,13.1
1773,Marbella,abril_2018,7.77
1774,Málaga,abril_2018,10.74
1775,Sevilla,abril_2018,10.42
1776,Algeciras,mayo_2018,11.66
1777,Almería,mayo_2018,9.87
1778,Cádiz,mayo_2018,11.28
1779,Córdoba,mayo_2018,10.65
1780,Dos Hermanas,mayo_2018,11.25
1781,Granada,mayo_2018,9.7
1782,Huelva,mayo_2018,10.54
1783,Jaén,mayo_2018,8.48
1784,Jerez de la Frontera,mayo_2018,12.86
1785,Marbella,mayo_2018,7.37
1786,Málaga,mayo_2018,10.43
1787,Sevilla,mayo_2018,10.37
1788,Algeciras,junio_2018,10.81
1789,Almería,junio_2018,9.83
1790,Cádiz,junio_2018,10.86
1791,Córdoba,junio_2018,10.56
1792,Dos Hermanas,junio_2018,11.05
1793,Granada,junio_2018,9.63
1794,Huelva,junio_2018,10.54
1795,Jaén,junio_2018,8.26
1796,Jerez de la Frontera,junio_2018,12.62
1797,Marbella,junio_2018,6.8
1798,Málaga,junio_2018,10.09
1799,Sevilla,junio_2018,10.18
1800,Algeciras,julio_2018,10.51
1801,Almería,julio_2018,9.89
1802,Cádiz,julio_2018,10.52
1803,Córdoba,julio_2018,10.61
1804,Dos Hermanas,julio_2018,10.95
1805,Granada,julio_2018,9.54
1806,Huelva,julio_2018,10.52
1807,Jaén,julio_2018,8.29
1808,Jerez de la Frontera,julio_2018,12.39
1809,Marbella,julio_2018,6.56
1810,Málaga,julio_2018,9.99
1811,Sevilla,julio_2018,10.15
1812,Algeciras,agosto_2018,10.45
1813,Almería,agosto_2018,9.94
1814,Cádiz,agosto_2018,10.52
1815,Córdoba,agosto_2018,10.75
1816,Dos Hermanas,agosto_2018,11.11
1817,Granada,agosto_2018,9.66
1818,Huelva,agosto_2018,10.69
1819,Jaén,agosto_2018,8.34
1820,Jerez de la Frontera,agosto_2018,12.52
1821,Marbella,agosto_2018,6.57
1822,Málaga,agosto_2018,10.15
1823,Sevilla,agosto_2018,10.23
1824,Algeciras,septiembre_2018,10.89
1825,Almería,septiembre_2018,10.02
1826,Cádiz,septiembre_2018,10.9
1827,Córdoba,septiembre_2018,10.9
1828,Dos Hermanas,septiembre_2018,11.14
1829,Granada,septiembre_2018,9.81
1830,Huelva,septiembre_2018,11.22
1831,Jaén,septiembre_2018,8.51
1832,Jerez de la Frontera,septiembre_2018,12.85
1833,Marbella,septiembre_2018,7.05
1834,Málaga,septiembre_2018,10.28
1835,Sevilla,septiembre_2018,10.27
1836,Algeciras,octubre_2018,11.36
1837,Almería,octubre_2018,9.8
1838,Cádiz,octubre_2018,11.16
1839,Córdoba,octubre_2018,10.84
1840,Dos Hermanas,octubre_2018,11.22
1841,Granada,octubre_2018,10.15
1842,Huelva,octubre_2018,11.24
1843,Jaén,octubre_2018,8.64
1844,Jerez de la Frontera,octubre_2018,13.2
1845,Marbella,octubre_2018,7.57
1846,Málaga,octubre_2018,10.64
1847,Sevilla,octubre_2018,10.28
1848,Algeciras,noviembre_2018,11.36
1849,Almería,noviembre_2018,9.53
1850,Cádiz,noviembre_2018,11.25
1851,Córdoba,noviembre_2018,10.55
1852,Dos Hermanas,noviembre_2018,10.95
1853,Granada,noviembre_2018,10.04
1854,Huelva,noviembre_2018,11.39
1855,Jaén,noviembre_2018,8.23
1856,Jerez de la Frontera,noviembre_2018,13.31
1857,Marbella,noviembre_2018,8.1
1858,Málaga,noviembre_2018,10.62
1859,Sevilla,noviembre_2018,10.11
1860,Algeciras,diciembre_2018,11.09
1861,Almería,diciembre_2018,9.24
1862,Cádiz,diciembre_2018,10.95
1863,Córdoba,diciembre_2018,10.25
1864,Dos Hermanas,diciembre_2018,10.85
1865,Granada,diciembre_2018,9.66
1866,Huelva,diciembre_2018,11.26
1867,Jaén,diciembre_2018,7.51
1868,Jerez de la Frontera,diciembre_2018,13.15
1869,Marbella,diciembre_2018,8.27
1870,Málaga,diciembre_2018,10.48
1871,Sevilla,diciembre_2018,9.94
1872,Algeciras,enero_2019,11.21
1873,Almería,enero_2019,9.35
1874,Cádiz,enero_2019,11.5
1875,Córdoba,enero_2019,10.69
1876,Dos Hermanas,enero_2019,11.02
1877,Granada,enero_2019,9.94
1878,Huelva,enero_2019,11.46
1879,Jaén,enero_2019,7.96
1880,Jerez de la Frontera,enero_2019,13.44
1881,Marbella,enero_2019,8.56
1882,Málaga,enero_2019,10.72
1883,Sevilla,enero_2019,10.2
1884,Algeciras,febrero_2019,11.33
1885,Almería,febrero_2019,9.4
1886,Cádiz,febrero_2019,11.3
1887,Córdoba,febrero_2019,10.8
1888,Dos Hermanas,febrero_2019,10.93
1889,Granada,febrero_2019,9.99
1890,Huelva,febrero_2019,11.24
1891,Jaén,febrero_2019,8.32
1892,Jerez de la Frontera,febrero_2019,13.39
1893,Marbella,febrero_2019,8.54
1894,Málaga,febrero_2019,10.7
1895,Sevilla,febrero_2019,10.22
1896,Algeciras,marzo_2019,11.36
1897,Almería,marzo_2019,9.47
1898,Cádiz,marzo_2019,11.16
1899,Córdoba,marzo_2019,10.78
1900,Dos Hermanas,marzo_2019,10.99
1901,Granada,marzo_2019,10.03
1902,Huelva,marzo_2019,10.73
1903,Jaén,marzo_2019,8.48
1904,Jerez de la Frontera,marzo_2019,13.35
1905,Marbella,marzo_2019,8.29
1906,Málaga,marzo_2019,10.61
1907,Sevilla,marzo_2019,10.21
1908,Algeciras,abril_2019,11.12
1909,Almería,abril_2019,9.32
1910,Cádiz,abril_2019,11.0
1911,Córdoba,abril_2019,10.55
1912,Dos Hermanas,abril_2019,10.7
1913,Granada,abril_2019,9.76
1914,Huelva,abril_2019,10.13
1915,Jaén,abril_2019,8.33
1916,Jerez de la Frontera,abril_2019,12.85
1917,Marbella,abril_2019,7.6
1918,Málaga,abril_2019,10.27
1919,Sevilla,abril_2019,9.95
1920,Algeciras,mayo_2019,10.85
1921,Almería,mayo_2019,9.43
1922,Cádiz,mayo_2019,10.86
1923,Córdoba,mayo_2019,10.25
1924,Dos Hermanas,mayo_2019,10.47
1925,Granada,mayo_2019,9.56
1926,Huelva,mayo_2019,10.21
1927,Jaén,mayo_2019,8.12
1928,Jerez de la Frontera,mayo_2019,12.52
1929,Marbella,mayo_2019,7.04
1930,Málaga,mayo_2019,10.05
1931,Sevilla,mayo_2019,9.74
1932,Algeciras,junio_2019,10.37
1933,Almería,junio_2019,9.48
1934,Cádiz,junio_2019,10.59
1935,Córdoba,junio_2019,10.23
1936,Dos Hermanas,junio_2019,10.32
1937,Granada,junio_2019,9.3
1938,Huelva,junio_2019,10.36
1939,Jaén,junio_2019,7.97
1940,Jerez de la Frontera,junio_2019,12.33
1941,Marbella,junio_2019,6.62
1942,Málaga,junio_2019,9.77
1943,Sevilla,junio_2019,9.69
1944,Algeciras,julio_2019,10.21
1945,Almería,julio_2019,9.48
1946,Cádiz,julio_2019,10.14
1947,Córdoba,julio_2019,10.28
1948,Dos Hermanas,julio_2019,10.34
1949,Granada,julio_2019,9.22
1950,Huelva,julio_2019,10.38
1951,Jaén,julio_2019,7.82
1952,Jerez de la Frontera,julio_2019,12.21
1953,Marbella,julio_2019,6.36
1954,Málaga,julio_2019,9.64
1955,Sevilla,julio_2019,9.74
1956,Algeciras,agosto_2019,10.15
1957,Almería,agosto_2019,9.53
1958,Cádiz,agosto_2019,10.15
1959,Córdoba,agosto_2019,10.47
1960,Dos Hermanas,agosto_2019,10.51
1961,Granada,agosto_2019,9.34
1962,Huelva,agosto_2019,10.5
1963,Jaén,agosto_2019,7.97
1964,Jerez de la Frontera,agosto_2019,12.13
1965,Marbella,agosto_2019,6.39
1966,Málaga,agosto_2019,9.66
1967,Sevilla,agosto_2019,9.87
1968,Algeciras,septiembre_2019,10.58
1969,Almería,septiembre_2019,9.59
1970,Cádiz,septiembre_2019,10.36
1971,Córdoba,septiembre_2019,10.37
1972,Dos Hermanas,septiembre_2019,10.35
1973,Granada,septiembre_2019,9.53
1974,Huelva,septiembre_2019,10.59
1975,Jaén,septiembre_2019,8.09
1976,Jerez de la Frontera,septiembre_2019,12.39
1977,Marbella,septiembre_2019,6.93
1978,Málaga,septiembre_2019,9.7
1979,Sevilla,septiembre_2019,9.79
1980,Algeciras,octubre_2019,10.96
1981,Almería,octubre_2019,9.43
1982,Cádiz,octubre_2019,10.81
1983,Córdoba,octubre_2019,10.46
1984,Dos Hermanas,octubre_2019,10.72
1985,Granada,octubre_2019,9.88
1986,Huelva,octubre_2019,10.99
1987,Jaén,octubre_2019,8.29
1988,Jerez de la Frontera,octubre_2019,12.79
1989,Marbella,octubre_2019,7.58
1990,Málaga,octubre_2019,9.95
1991,Sevilla,octubre_2019,9.92
1992,Algeciras,noviembre_2019,11.29
1993,Almería,noviembre_2019,9.25
1994,Cádiz,noviembre_2019,10.99
1995,Córdoba,noviembre_2019,10.43
1996,Dos Hermanas,noviembre_2019,10.68
1997,Granada,noviembre_2019,9.86
1998,Huelva,noviembre_2019,11.33
1999,Jaén,noviembre_2019,8.08
2000,Jerez de la Frontera,noviembre_2019,12.93
2001,Marbella,noviembre_2019,8.17
2002,Málaga,noviembre_2019,10.14
2003,Sevilla,noviembre_2019,9.88
2004,Algeciras,diciembre_2019,11.11
2005,Almería,diciembre_2019,8.96
2006,Cádiz,diciembre_2019,10.66
2007,Córdoba,diciembre_2019,10.13
2008,Dos Hermanas,diciembre_2019,10.58
2009,Granada,diciembre_2019,9.49
2010,Huelva,diciembre_2019,11.24
2011,Jaén,diciembre_2019,7.49
2012,Jerez de la Frontera,diciembre_2019,12.79
2013,Marbella,diciembre_2019,8.16
2014,Málaga,diciembre_2019,10.01
2015,Sevilla,diciembre_2019,9.73
